USER,STAR,DATE,LIKE,REVIEW
Kay Lee, 1,2021-06-12,5,프리미엄 쓰는데... 영상이 너무 버벅거려서 볼수가 없어요. Wifi에서 화질도 내맘대로 설정못하고.. 마치 15년전 국산 동영상 사이트 같습니다. 세계 최고 스트리밍기업인게 믿기지 않는 퀄리티가 되었네요.. 이거 설마.. 세금내라 그랬다고 패치한건 아니죠?
뀨뀨, 4,2021-05-26,307,"다 좋은데 가끔 화면을 밑으로 내릴 때 내려가다가 올라갑니다,,그리고 지금은 덜하지만 전에 이따금씩 짧은 영상들이 재생이 안되는 경우가 자주 있었습니다. (이부분은 해결된 것 같음) 왜 자꾸 야금야금 유튭프리미엄 가격이 오르는지ㅠ,ㅠ,,,,덕분에 사용을 잘 안 하는 달에도 결제를 꼬박꼬박 하게되네요,,이젠 유튭프리미엄 없이는 살 수 없는 몸이 되어서ㅋㅋㅋㅋㅋㅋㅋㅋㅋ 아무튼 좋습니다,,"
정지훈, 1,2021-05-28,267,"간간히 생기는 버그는 이해하는데 화질설정 패치한 건 정말 불편하네요;; 높은 화질로 보고 싶어도 바로 설정할 수 없고 어느정도 시청을 해야 겨우 높은 화질로 설정됩니다. 특히 shorts 영상은 화질 조정이 되기도 전에 영상이 끝나고 화질 설정을 직접 하지도 못해 낮은 화질로 영상을 시청할 때가 잦습니다. 최근 리뷰 중에 별1, 2점 리뷰의 대부분이 이 화질설정을 패치한 것에 대해 불만을 표출하는 내용입니다. 이전처럼 시청자가 직접 화질을 설정하고, 다음 영상을 보더라도 설정한 화질이 유지되도록 해줬으면 합니다."
매진이mazin, 2,2021-05-26,95,"S20에 오류가 있습니다. 앱을 나갔다 들어온뒤 뒤로가기 버튼을 누르면 스크롤 오류가 나거나 영상이 나오는 화면을 제외한 다음영상, 검색결과, 댓글창 부분이 회색으로 변합니다. 제 S20만 이런게 아니라 다른 S20도 이럽니다. 그리고 이게 유튜브 키즈를 볼 나이는 아니고 그냥 유튜브를 볼 나이도 아닌 동생이 있는데 선정적인 광고가 떠서 너무 불편합니다. 중요부위만 가리면 다인가요? 광고 수위조정 부탁드려요. 그리고 유튜브 프리미엄 살 생각 없습니다. 요즘에 코로나19가 생기면서 유튜브 사용자와 사용빈도가 많아졌을텐데 문제 해결 좀 해주세요."
이준용, 1,2021-06-05,31,화질설정패치로 유튜브 숏을 아주 조져버리셨네요 숏은 화질 설정 뜨지도 않고 10초 뒤로감기 기능도 없어서 화질관련 해서 할 수 있는게 없는데 저화질을 기본으로 해두시니 숏은 영상에서 사람얼굴이 구분이 아예 안갈정도로 이미지가 깨집니다. 그나마 영상은 좀 보다보면 최고화질로 되서 그나마그나마 참을만한데 숏은 그과정 시작되기도 전에 영상이 끝납니다. 생각좀 하고 업데이트하세요 제발 생각좀.
정영진, 1,2021-06-11,7,"맨날 업데이트 하면 뭐하죠? 1. 맨날 끊김 - 오래 보다가 끊김 현상 발견되서 구글 플레이 들어오면 업뎃 떠있음 진짜 의미 없네요ㅡㅡ 2. 쇼츠 - 재생하면 옆에 좋아요 댓글 없는 영상들있는데 끝나면 자동재생안되고 가운데 로딩 돌아가고 업로드 한사람의 채널에도 연결 못함 이외에도 자잘한 문제들 있는거 고쳐지지 않을거면 쓸데없이 버벅거리는거, 쓸데없이 업뎃 왜 하는건지 모르겠네요 리뷰쓴다고 바뀔것도 아니면서 ㅋㅋㅋㅋ"
아싸, 1,2021-05-23,115,"실제 게임과는 전혀 다른 광고와 퀄리티 낮은 광고. 그저 야하기만 한 광고와 정치 애기가 가득한 댓글들. 서로 싸우기만 하는 댓글. 어그로성 영상.허위 사실을 퍼뜨리는 영상등 너무 별로 입니다... 이럴꺼면 그냥 댓글 숨기기,더 많은 영상 관련 직원들,게임과 다른 내용을 광고하는 것은 광고를 받지 말아야 합니다.. 이렇게 말해도 나중에 여기에 답변이 달린다면 ""안냥하세요 youtube 팀입니다. 고객님의 의견을 알기 위해선 고객센터에 문의 하셔야 합니다.""라고 달리겠죠.."
시부레옥잠, 3,2021-05-29,63,요즘 버그 굉장히 많이 걸리네요. 스토리 들어가면 화면 밝기가 최대되고 버튼이 모두 사라지거나 렉 걸려서 버벅거리네요. 영상 볼 때 화면이 밀려서 밖으로 빠져 있거나 창이 위로 자꾸 올라가고 영상 화면만 재생되고 이 외에는 백지가 되는 거? 버그 다른 것도 많습니다. 너무 심해서 유튜브 껐다 켰다 몇 번을 하는 건지 원... 이전에는 잘 쓰고 있었는데요..
소비, 1,2021-06-04,16,너무 심각하게 불편합니다. 갤럭시s20 최신펌웨어 유지중이고 유튜브 short영상 볼때마다 쇼트들어오기전 유튜브 페이지가 리프레쉬 되면 쇼트영상 ui가 전부 증발하면서 댓글을 볼수없네요 유튜브 프리미엄 몇년동안 유지중인데 참으로 실망스럽지 않을수 없습니다. 이런자잘한 버그는 빨리고쳐주세요.
Seong Hwan Han, 2,2021-05-30,58,안드로이드 초기에는 버퍼링이 문제더니 시간이 갈수록 편의성이 증가하기는 커녕 잡렉이 많아집니다. 처음에는 폰이 오래되어 무거워져서 그런가 했지만 최신기종으로 바꿨음에도 불구하고 30분~1시간만 사용해도 렉이 걸리고 가끔 영상이 검은화면만 나오고 스크롤이 자기 멋대로 움직입니다. 그냥 앱 자체가 너무 무거운것 같습니다. 화질선택도 이전 버전이 직관적이어서 더 사용이 편했고 정말 안드로이드 유저들의 의견을 듣는지 궁금합니다. 앱의 최적화에 제발 신경써주시길 바랍니다.
은하수, 3,2021-06-02,125,+ 좀 나아진 줄 알았더니 여전히 끊겨요. 뭘 업데이트 한 건가요...?? 와이파이 빵빵한데도 영상 본지 몇 분만 지나면 버퍼 걸리기 시작하더니 도저히 볼 수 없을 정도로 끊겼다가 아예 버퍼만 계속 걸리더라고요. 리뷰 보니까 다른 분들도 그러는 것 같은데... 빨리 업데이트 됐으면 좋겠어요. 하루에 나갔다 들어오기를 몇 번씩이나 반복하는 건지...
Crane Stew, 4,2021-06-04,71,"근 수 개월, 영상을 보면 두 영상에 한 번 꼴로 화면은 잠시 멈추는데 소리는 그대로 재생되는 버그가 생기고 있습니다. 잠깐 기다리거나 재생 바를 뒤로 돌려서 다시 로딩시키면 금새 멀쩡해지긴 합니다만 일일이 번거롭고 성가시게 느껴집니다. 해결할 수 있는 방법 없을까요?"
앎, 4,2021-05-30,55,불편한 점. 1. 나갔다 들어왔을 때 썸네일이 뜨지 않고 검은색 화면인 것 (삼성) 진짜 제발ㅠㅠ 2. 2배속을 했을 때 렉이 걸리며 싱크가 안 맞는 것 (영상마다 다름) 3. 가끔씩 밑으로 내릴 때 내려가지지 않고 위로 올라가는 것 4. 스토리가 화면에 보이는 게 아닌 다른게 나옴
St Sssory, 2,2021-06-11,11,"프리미엄씁니다. 다른분들이 업데이트로 인한 화질문제는 이야기하시니 이건 넘어가고, 아니 왜 다보지 않은 동영상에 다봤다고 되어있는지, 그리고 제일 중요한 오프라인 저장 동영상. 와이파이 데이터 다 끄고 유툽 틀면 저장한 동영상 내용이 나와야하는데 아예 유툽이 열리지않아요. 안열린다구요. 진짜 말이됩니까? 왜 프리미엄쓰는데 이런식으로 한다는게? 진짜 제발 점검좀해주시고, 개선좀 해주세요 그리고 저장한 동영상보는데도 중간에 오류뜨면서 다시 앱 열어야합니다. 갑자기 그러네요. 이부분도 참고하셔서 빠른시일에 고쳐주시기 바랍니다. + 21.6.11 추가합니다. 이젠 아예 유툽이 멈춥니다. 보지도못해요. 어이가 없습니다. 언제까지 이럴껀가요?"
이성민, 2,2021-05-28,28,광고 보기 싫어서 프리미엄 쓰는데도 광고가 나오면 무슨 차이인가요? 개중엔 굉고가 있고 없고의 차이를 주시는건가요 ㅋ 어떤 영상은 1분마다 광고가 뜨거나 어떤 영상은 광고 2개가 연이어서... 이럴거면 굳이 프리미엄 안쓰겠죠. 개선해주세요. 개선이 불가능하다면 그냥 프리미엄 해지하고 이용하겠습니다^-^
이미연, 3,2021-06-07,4,다 좋은 데 제작자님 어제부터 영상을 볼수가 없어요.😓 와이파이는 다 정상인데 유투브 영상을 못 봐서 화가 나네요😠 이거 좀 고쳐주세요 영상을 못 보면 유투브를 저의 폰에 깔아놀 이유가 없잖아요😫 저만 그런지는 모르겠는 데요 이거 좀..고쳐주시길 바랍니다..저의 가족은 다 잘되는 데 왜 하필 저만..지금도 영상을 못 보고 있습니다.
olr l, 1,2021-06-08,13,몇개월동안 프리미엄 써서 재생목록 셔플하는데 재생목록에 있는 동영상이 첫 셔플 영상이 정해져있고 다시 셔플을 누르면 첫 동영상부터 시작이 되네요. 미공개영상같은게 있어서 그런가 해서 없애도 이러는데 좀 고쳐주세요. 프리미엄 쓰는 몇개월동안 그랬다가 안 그랬다가 하는데 그러는 날이 압도적으로 많네요.
김우진, 1,2021-06-07,131,"많은 사용자들이 화질 변경 시스템 때문에 불편함을 겪고 있는 것 같네요. 유튜브 쪽에서는 자동 맟춤형 기능을 시험해보고자 한 것 같은데, 시청자 입장에선 그동안 수동으로 화질을 바꾸는 것에 익숙해져 있었고 이런 방식이 오히려 더 직관적이었습니다. 게다가 현재 도입된 자동 맞춤 화질 변경 기능은 오류나 제약이 많고 이전처럼 수동으로 빠르게 화질을 바꿀 수 있는 옵션마저 없는 상태입니다. 많은 사람들이 이용하는 플랫폼인 만큼, 소비자들의 피드백이 빨리 적용되길 바라는 의미에서 별점 하나로 올립니다."
handsome cat, 1,2021-06-08,4,"업데이트 후에, PIP 기능 사용할 때에 창을 이동시키기가 어려워졌습니다. 전에는 원하는 위치에 옮길 수 있었는데, 지금은 옮기려고 하면 화면이 사라지고 백그라운드 재생으로 되어버리네요. 개선해주세요."
정보윤, 2,2021-06-06,2,"업뎃전에는 화질을 2160으로 한 번 재생하면 다음 영상도 2160지원하면 자동으로 2160됐었는데 업뎃후에는 화질 개ㅅㄹㄱ가 돼서 설정 가서 고화질 고정으로 해놨는데 그럼에도 1080p로밖에 재생이 안되네요. 2160 고정은 없나요? 초고화질 고정 옵션도 많들어 주시죠? 2160 지원하는 휴대폰과 인터넷 속도가 있는데, 1080으로 볼 거면 뭐하러 2160지원하는 핸드폰을 샀겠습니까? 2160 지원하는 영상 보려고 2160지원하는 폰을 샀는데 매번 영상 선택할 때마다 2160 지원하는지 확인해보는 것도 짜증나네요. 이거 무슨 방법 없나요? 물론 무슨 구제때문에 업뎃한 걸로는 알고있는데 개떡같네요."
김지우, 1,2021-06-03,17,불편한 점 1. 화질 설정 예전처럼 그냥 480p1080p 이렇게 간단하게 설정하는게 편해요. 2. yputube shorts 는 지금 유튜브를 보는건지 틱톡을 보는건지 모르겠고 알고리즘이랑 상관없이 중국영상이 왜이렇게 많이 뜨는지 모르겠네요. 걔들이 이상한 상황극 하는거랑 1인치펀치로 벽돌깨는건 안궁금한데 왜나오는지 모르겠네요. 3. shorts 영상을 누르면 영상이 끝날때쯤에 화질이 좋아져서 영상을 여러번 보게 됩니다. 화질을 직접 바꿀수도 없고 인터넷도 멀정한데 4. shorts 안보고싶은데 아예 없앨수 있게 해주세요 관심도 없고 재미도 없는 알수없는 상황극하는 틱톡감성영상 유튜브에서 보기 싫어요.
Blue_ stars, 1,2021-06-07,3,처음엔 1개였던 광고가 점점 2~3개씩 늘어나고 10초 이상 광고인데 스킵도 못하게 함.. 그렇다고 프리미엄을 사기엔 그렇게 자주 보는편이 아니여서 돈아깝고 ㄹㅇ 개실망스러움 기능 좀 빠지는거 있어도 광고 한두개만 뜨는 다른 사이트 있으면 거기로 갈정도
정하윤, 4,2021-05-30,87,"재미있게 잘 사용하고있는 유저인데요, 다른점은 정말 좋지만 한가지 아쉬운점이 있습니다. 댓글을 각각 언어별로 보지 못한다는 것입니다. 한국어 댓글을 찾기 너무 어렵고, 외국 댓글이 댓글창에 도배되어있다보니 아예 댓글을 읽는것을 포기할때가 종종 있습니다. 이런 불편한 일이 일어나지 않도록 댓글을 언어별로 모아주는 필터 기능이 있었으면 좋겠습니다."
잡았다요놈, 3,2021-05-29,122,"5초짧은 광고야 그러려니 보는데 강제10~15초 광고는 또 뭔가요ㄷ 스킵도 없으니 이런거 보기 싫으면 프리미엄을 사라는 건가요? 광고는 관심이가야 보는겁니다. 잘만든 광고는 스킵도 못누릅니다. 계속 보느라, 시청자 에게 강제로 광고를 보게하는게 아니라 시청자가 광고를 스킵하지 못하게 광고를 만들어야 하는겁니다. 방송이야 크리에이터 분들이 잘 만든거라 유튜브가 칭찬받을 일은 아니니 넘어가겠습니다."
B.J.Y[본계], 1,2021-06-02,53,버그가 많습니다.. 화면에 X버튼 누르면 재생바가 사라져야하는데 안사라집니다 그래서 다시 유튜브 켰는데도 계속그럽니다.. 이게 뭔일인가요? 그리고 이번업데이트로 유튜브 화질바꾸는게 싫어졌습니다 일일이 화질들어가서 고급설정을 눌러야하기 때문입니다. 이거 두개좀 개선해주세요.
이유환, 2,2021-06-02,41,차에서 블루투스로 유투브 연결하여 사용시 차에서 다음버튼으로 넘기면 얼마전까지 다음동영상으로 재생됐는데. 지금은 다음영상으로 넘어가지지 않습니다 유트브 설정에들어갔다 나와서 다음버튼을 누르면 한번 넘어가고 또 먹통이됩니다. 웨이브 유투브 뮤직 등에서는 이러한 증상이 나타지 않는데 어떻게해야하나요
바이올렛빛, 1,2021-06-02,65,"뭔 댓글창 백지화에, 지멋대로 스크롤 내리는 오류에, 정신나간 기본 저화질 고정, 스킵도 없이 연달아 내놓는 광고, 저급, 과대광고에 저작권위반 등 광고관리는 전무, 특정영상은 댓글창 보면 화면을 짜르질 않나, 전 영상을 볼 수 있는 뒤로가기 기능도 사라지고, 렉도 오지게 걸리고, 영상 기록 오류, 나라별 댓글 구분도 안되서 외국인만 주구장창,... 이게 독과점의 폐해다 진짜"
J J, 1,2021-05-24,13,광고작작넣으라고요!!!!!!!!!!볼만하면 끊기고 볼만하면 끊기고 짜증난다고요. 어느정도 사람이 봐도 짜증안나게 광고를 넣어야지 유튜브 비슷한거 나오면 꼭 갈아탈겁니다ㅡㅡ
조효정, 1,2021-06-01,24,돈을 내고 쓰는데도 계속 불편을 겪어야 하나 싶어서 씁니다. 대체 필터 기능은 왜 점 세개를 눌러야 쓸수 있게 만들었고 화질은 최고로 고정해둬도 매번 최고화질로 볼수도 없고 이것도 점세개 눌러야 바꿀수있게 해서 밑에 다른 기능이 자꾸 눌러집니다. 너무 불편하고 시청자들을 호구로 보는거 같아서 화가나네요. 그리고 아무것도 누르지 않았는데 자꾸 홈화면으로 나오고 화면이 작아지네요. 해결바랍니다.
l, 1,2021-05-25,17,화질설정이 너무 불편하네... 설정 들어가서 권장 말고 높음으로 해놔도 지 ㅈ대로 나오게 할거면 도대체 왜 화질설정이라고 설정에 만들어놓음? 그리고 z fold2만 해당되는 건지는 모르겠는데 영상보다가 홈으로 나가서 잠시 다른어플 쓰다가 다시 들어와서 뒤로가기 하면 화면이 멈춤. 말그대로 멈춰서 다른 화면이 전혀 안보임. 결국 어플 재시작 해야함. 너무 불편함.
dongoh Kim, 1,2021-05-18,239,갤럭시 버즈 블루투스에서 일시정지/재개가 안됩니다. 삼성 서비스센타에 가서 기사가 자신의 버즈로 해도 안되고요 다른앱들은 다 잘되는데 유튜브만 그러네요 그래서 수동으로 핸드폰서 플레이어를 터치해서 일시정지/재개를 2회정도 하면 이후 블룯수스가 먹히구요. 그러나 새 영상을 재생하면 다시 안먹힙니다. 요즘 이런증상을 호소하는 버즈 유저들이 많아졋다고 센터기사나 삼성멤버십사이트서도 글이 많아졌습니다 유튜브가 업글되면서 문제가 있는거 같아요 즉 수동으로 먼저 플레이어를 터치하여 일시정지/재개를 한 후에 블루투스가 먹히고 이도 새영상으로 바뀌면 다시 안먹힙니다
zyca2020, 4,2021-05-24,12,"어떤 어플 다운받아 설치하면 pc에서는 가능한걸로 아는데 그렇게 별도로 어플 다운 받아야되는 거 말고 그냥 유튜브 원래 기본기능으로 그런게 좀 제공이 되었으면 좋겠습니다. pc보다 모바일로 주로 많이 보니 모바일에서도 당연히 기본적으로 되게끔요..많은 구독채널가운데 필요한거 찾으려고 시간걸릴때 많고, 많은 사람들이 불편을 느낄텐데 구글에서 왜 이런 기본적인 기능을 구현하지 않는지..좀 의문입니다. 유튜브는 제 선생님이라 할정도로 정말 유익한 많은 정보를 무료로 얻고 있어서 너무 좋은데..이런 기능 추가되면 정말 금상첨화일것 같네요 이런 부분이 좀 반영되었으면 합니다."
오빌리아, 1,2021-05-22,32,안녕하세요 현재 이 앱을 사용중인 사람입니다 이 앱에는 문제점이 수도없이 많지만 몇가지만 집어말합니다 1.광고가 혐오스러움 -성적으로 혐오감이드는 광고가 뜸*자주* 2.모바일과 pc의 차이가 너무 큼 -썸네일 설정부터 다른 여러기능까지 모바일에서 사용못하면 모바일로 유튜브운영하면 어쩌란거죠? 3.오류가 너무 자주뜸 4.신고기능 -채널신고해도 재재따위도 없으면 왜 만드셨죠?
필승, 1,2021-06-08,5,쓸데없이 멀쩡한 화질 기능만 이상하게 바꿔두고 광고나 처 줄여요 / 나중에 볼 동영상에 추가 안되는 버그 / 재생목록창 올라와서 X눌러도 안사라지는 버그/ 누가 업데이트 담당하는지는 몰라도 세상에서 제일 멍청한 새끼인게 분명하다
안중훈, 1,2021-06-04,6,너무 랙이 심해요 적당히 해야지 진짜 이건 쓰란건지 말란건지 모르겠네요 화면이 왤케 끊기나요?업데이트할때 생각이란걸 하시는걸까요?이딴식으로 계속 오류발생하는데 개선할생각은 안하고 유료광고나 넣고있고 뭐하자는겁니까 프리미엄쓰고있는데 버벅거림때문에 유튜브쓰기싫어지네요 이부분 빨리 업데이트 해주세요
준이X Junyi_X, 3,2021-06-03,3,왜 오늘만 유튜브가 몇초씩 건드리지도 않았는데 멈춰집니다. 귀신이 제 핸드폰이라도 만지는걸까요? 유튜브를 좋아하고 영상도 꾸준이 올리는 사람으로써 영상시청이 불편해졌어요.. 그리고 왜 화질 설정을 이렇게 했을까요? 빨리 해결바랍니다.
Free TEMPO, 1,2021-05-22,53,"화질은 인터넷 상태가 안정적임에도 불구하고 제멋대로 낮아지고 광고는 영상 하나 보더라도 2-3개씩 미친듯이 나오고... 솔직히 말해서 유튜브를 대체할 수 있는 동영상 플랫폼이 없으니 울며 겨자먹기로 유튜브 쓰지, 만에 하나 다른 대체 플랫폼이 나온다 하면 뒤도 안 돌아보고 유튜브 안 쓸 거 같음"
어머이게뭐야대체어머, 1,2021-05-24,36,유튜브 프리미엄 쓰고있는데요 미칠 것 같아요 갑자기 아무것도 안 눌렀는데 화면이 백그라운드가 된다던가 아니면 잠깐 다른 앱 하고 다시 유튜브 보러 왔는데 유튜브가 2개로 되있던가.. 여전히 오류는 많네요 스크립트 손 대면 올라가는 오류는 역시 남아있고 소리는 나오는데 영상이 제대로 안 나올 때도 많습니다 제발 제발 부탁이니까 똑바로 관리하세요 뭣같은 추가 업데이트 그만하고
이효, 1,2021-05-31,115,"광고는 심각하네요. 너무 많아요. 이건 뭐 바이러스 걸린 컴퓨터에 광고 뜨는 수준이네요. 그리고 5초 스킵이라고 해놓고 왜 은근 슬쩍 카운터 안하는 초를 넣었죠? 그걸 눈치 못 챌꺼라고 생각해요? 또 정책 기준이 도대체 뭡니까? 유튜버들 하는 말 들어보면 검열하는 기준도 절차도 애매하고 연락도 잘 안되는 것 같은데, 광고를 렉 걸린 수준으로 때려박았으면 서비스 질이라도 높아야죠. 당신들 하는게 도대체 뭡니까."
강하율소율, 1,2021-06-06,2,음...그냥 그랬어요. 추천은 합니다. 나쁘진 않아요. 예를 들면 ...(....피아노 연주)라고 치면 자세히 나와요. 그러니 나쁘진 않고.. 추천드려요. 단! 단점은... 1가지 있죠. 무엇이냐면요. 자세히 나오는 것도 있고 안 나오는 것도 있다는 점이에요. 그럼 저의 평가 였습니다.. 감사합니다..
ᄀᄂ, 1,2021-06-10,4,화질선택 바뀐거 개별로 화질누르면 바로 1080p 720p... 이거 뜨는걸로 다시 바꿔주세요 지금꺼 귀찮아요 다시 화질선택 바꿔주세요 진짜 왜 그렇게 불편하게 해놨는지 모르겠네요 그걸로 인해서 편해진 사람이 반절이라도 아니 3분의 1이라도 있다면 인정하겠는데 다 불편해 하는쪽으로 왜바꾼건가요
김대성, 1,2021-06-09,96,"화질 설정 패치는 대체 누구 머리에서 튀어나온건지 모르겠네;; 유튜브 광고도 몰아서 보여주고 안넘기면 2개 다 보여주는 헛짓거리 하는 것도 짜증났는데 높은 화질, 낮은 화질 같은 쇼하지 말고 화질은 걍 480, 720 이런 식으로 설정하게 해라 대체 가능한거 없는거 지들도 아니까 슬슬 막나가네"
고은결, 2,2021-06-09,52,"(삼성) 유튜브 정말즐겁게 사용하고있었는데요 몇년전 유튜브 오류로 유튜브와 유튜브관계 된것들이 이유없이 사라졌어요. 그래서 play스토어에서 확인했더니 다 깔려있더라구요? 너무억울하고 덕질하던것도 못했어요. 그런데 몇일전 휴대폰을 둘러보던중 유튜브와 유튜브관련된것들이 생겼더라구요! 그래서보려하는데 자야해서 조금밖에 못보고.... 다음날 아침에 보려고 확인해보니 다시 유튜브와 그에 관한것들, 또 모두 사라져 있었어요ㅋ 유튜브,정말 모든게 좋은데 이런오류가 계속 문제되고 있네요.오류 꼭 많이 고쳐주세요."
김연성, 3,2021-05-25,2,이게 문제가 좀 많아졌음 근데 찐문제는 경쟁자가 없다는 거임 동영상 플랫폼이 이거말곤 쓸게 1도도 없으니 걍 보는거 사용자 의견묵살이 대표적 예 그나마 비빌게 틱톡인데 그거는 예보다 더심하고..... 쨋든 이렇게 안일하게 방심하면 한5년뒤에는 힘드러짐 사용자를무시한 플랫폼의 최후를 보게 될지 아닐지는 온전히 유튜브 결정
류현진, 1,2021-05-26,40,"솔직히 버그 정말 너무 심해졌어요.. 유튜브 이용하는 중에 수십번도 껏다켰다 하고 시청기록도 알고리즘으로 도배되는 거 싫어서 안쓰려고 하는데, 영상보다가 버그걸려서 팅기거나 렉걸려서 동영상재생이 제대로 안되거나 댓글이 안보이는 현상 등등이 생겨서 나가게 되면 중간부터 같은 영상 계속 봐야하니까 켜둘 수 밖에 없고요😔 이상한거 업데이트 하지말고 최적화나 열심히 해서 서버 안정화 좀 시켜줬으면 좋겠어요.."
1천명 찍고싶다 초율좌, 3,2021-06-03,1,아니 영상을 보는데 3초 쯤 되면 자꾸 검정 화면이 나오면서 영상이 안 보여요 하루에 천 번도 넘게 이러는데 제발 고쳐주세요 이거 때문에 너무 짜증나고 괴롭고 속상하고 울고싶고 눈물이 막 나와요 못 본 영상이 10개를 가뿐히 넘고 제발 고쳐주세요 좀ㅠ
주호진, 3,2021-06-08,101,동영상 가로모드 할때 가끔씩 화면 오른쪽 반절을 댓글or광고or동영상재생목록이 차지합니다. 그래서 동영상이 왼쪽 반절부분 밖에 안나오고 그로인해 세로모드랑 별 차이가 없는 동영상 크기입니다. 댓글창을 X버튼 눌러서 끄려고 해도 꺼지지가 않습니다. 버그같은데 처리 부탁드립니다.
별_, 1,2021-06-02,17,광고가 너무 많습니다.. 수익장출영상은 광고 두개씩 떠도 그러려니 하는데 일반 영상에서도 똑같이하면 어떡합니까.. 돈벌 생각만 하시고 유튜브를 사용하는 사람들은 배려를 안 해주시나요.. 심지어 10~15초영상은 5초후 스킵도 안되는데 이정도면 그냥 강제로 보는거밖에 더 됩니까 노래영상보는데 흐름끊기게 이게 뭐예요;; 돈생각 말고 사용자 생각도 좀 해주세요; 솔직히 10~15초 광고에 스킵이 없는것도 짜증납니다 억지로 보게 시키려면 스킵이라도 넣어주시던지요.. 이런식으로 광고 무치별적으로 넣으면 당연히 사용자들이 싫어할거란 생각은 안 해보셨습니까 빨리 수정해주시면 좋겠네요;
Nj빅비, 4,2021-05-25,9,"이제 슬슬 깨닫기 시작했다. 원하는건 다양성,재미에서 고퀄영상으로 넘어간다는것을 다양한 취향을 만족시켜줄 명작컨텐츠들을 과연 유튜브는 해결시켜줄것인가... 아니면 뒤를쫓는 업체들에게 현재의 왕관을 넘겨줄 것인가.. 저탄소정책과 늘어가는 서버공격, 그리고 각국 정부들의 규제와 불편해하는 민원들에서 화이팅하기를 바란다"
FLYPIG :, 1,2021-06-04,67,"화질 설정 왜 이렇게 불편하게 바뀌었나요? 기본 저화질로 설정되어 있어서 유튜브 영상 켤 때마다 저화질이길래 데이터나 와이파이 연결이 끊긴줄 알았습니다. 게다가 저질스러운 광고보기 싫어서 프리미엄까지 결제해가면서 시청하는데, 왜 서비스는 점점 광고 퀄리티 따라가나요?"
장모반대라스, 1,2021-06-02,4,언제부터 동영상 화질 p144 이 고화질 이었죠????? 나 이해가 안되네 데이터로 보다가 고화질에서 갑자기 2백대로 바뀌길래 와파로 바꾸니까 144ㄷㄷ 아무리 시간이 좀 걸린다지만 너무하네 여태 고화질이랩시고 720계속 보여줘도 평점 안남겼는데 너무함 ㅋㅋㅋㅋㅋ 개발자들의 역대 최악의 업데이트 !
권미옥, 4,2021-06-10,2,이 앱을 가장 많이 이용하는데 건너 뛸 수 없는 광고가 점점 시간 늘어서 이제는 15초 짜리도 스킵이 안돼요 우리는 광고를 보려고 유튜브를 보는것이 아닙니다.근데 미성년자도 보는 앱인데 유튜브 프리미엄은 유료라서 이용하기도 불편하네요.그리고 영상 초반에 광고가 2개 나오는 건 괜찬은데 중간 부분 쯤에 광고 2개 나오는 건 영상 흐름이 끊겨서 불편하네요.
킹올리브, 1,2021-06-06,225,"유료 프리미엄에는 열을 올리면서 정작 기본적인 것은 놓치고 있는 느낌. 이번에는 영상 볼 때 연관 동영상이나 코멘트, 설명 창이 검은 화면으로 나오네요. 매 달 몇천원씩 주면서 이용하는데 이런 것도 안 지켜지는 굉장히 불편하고 불합리한 부분이 있다니.. 완전히 구글의 횡포입니다 이건"
안기선, 1,2021-05-27,2,하 렉이진짜 너무걸려서 영상10초마다 한번씩 뚝뚝 끊기네요. 짜증나서 끄게됩니다. PIP쓰다가 큰화면으로 할때는 그냥 강제어플종료하고 다시켜는게 빠를정도고요..왜 고쳐지지 않을까요..
이은주, 1,2021-06-07,3,별 하나 주기도 아깝습니다. 유튜브 프리미엄 해지한지 5개월이 다 되어가는데 여지껏 요금은 계속 결제 되고있고 개다가 이용도 못하는 상황이 말이나 됩니까 고객센터 문의하면 연락도 오지 않고 어디로 문의 하라는 겁니까.
끄엙, 3,2021-05-30,2,"음...광고 한번에 두개 나오면서 나중에 안 나온다고 하지만 나오는거, 동영상 화질 설정할 때 처음 설정이 제일 높은걸로 안 되어 있어서 다시 설정하고 봐야 한다는점, 어떨 때 다음 동영상으로 바로 넘어 간다는점 화가나요 ㅠ"
슉.ᄉ슋.슉.슉슉슉ᄀ슉슉슉슉ᄀ슉슉, 2,2021-06-11,3,화질 창 왜 바뀐건가요? 업데이트를 좀 똑바로 해주셨으면 좋겠어요 쓸데없는거 바꿔서 더 불편해졌네요... 프리미엄 사용중인데 왜 유튜브 영상 보다가 댓글창 키고 어플을 나갔다가 들어가면 댓창으로 화면절반이 가려지고 또 댓글들도 안보이고 창만뜨는 그런...ㅠ 그리고 장시간동안 유튜브를 소리만 듣고 어플을 안들어가면 영상 썸네일로 핸드폰 화면이 꽉차져요. 잡버그들이 너무 많고 ㅠㅠ 너무 빈번하게 일어납니다...
peace lover, 1,2021-06-08,2,"폰 화면에 유튜브 틀어놓고 보면서 다른거 할 수 있었는데, 그 화면을 다른 곳으로 드래그해서 이동하려고 하면 아예 화면이 삭제돼버려서 소리만 나요.... 이거 좋아서 쭉 사용했던 건데... 멀티 기능 내놔요ㅠㅠ"
Sunny Oh, 1,2021-06-03,93,유튜브 어플에서만 연령제한 오류가 떠요. 성인인증을 했는데 다른 웹사이트로 들어가면 영상이 재생되는데 어플로만 안됩니다. 영상을 재생하면 [ 이 콘텐츠는 연령이 제한되어있습니다. (재생ID:어쩌구) ] 이렇게 뜨는데 어쩌구 부분은 새로고침할때마다 랜덤으로 계속 바뀌고 영상이 안뜹니다. 랜덤으로 뜨는 아이디 또한 제 아이디도 아니고요.
kim DD, 1,2021-06-01,7,어플 몹시 불편합니다. 왜 인터넷 유튜브는 시정해주셔서 감사합니다. 라는 문구로 영상 못보게 한후에 셋업박스나 티비도 먹통으로 만들어 놓고선 이 어플을 사용하길 원하시나요? 인터페이스 사용감 너무 불편해서 유튜브 프리미엄 해제합니다 ^^ 어플도 사용 안함 인터페이스 편해질땨꺼지
오이맛좀봐라, 1,2021-06-11,2,"최근들어 자주 영상을 재생하면 영상 바로 밑에 제목, 댓글창, 관련 영상이 떠야 하는데 텅 빈 댓글창만 꽉 차게 뜨고 아무것도 안 됩니다. 앱을 다시 켜야 돌아오는데 프리미엄 받아먹으면서 최소한 오류는 고쳐야 하지 않겠습니까?"
carpe diem, 1,2021-05-28,3,이거 업데이트 되더니 쓸데없는 터치랑 쓸데없는 옵션 보여주기로 유튜브만의 독보적이었던 직관성 사라지고 채널목록흐리게 나와서 안보이고 동영상 원하는위치로 가려면 터치후 슬라이드까지해야되는건 진짜 짜증만 유발시키네 가로 드래그로 보관 영상 삭제하는것도 엄청 예민해서 정확히 가로 드래그해야되고 유튜브도 슬슬 내리막길 시작인 느낌. 새로 ㄱㅊ은 앱 생기려나
고양이 없인 못살앙, 1,2021-06-11,2,나만 그럼? 요새 렉이 너무 심하게 걸림 영상이 끊겨서 심하면 3분은 끊겨있고 영상 다 보고 내리면 내려지다가 말아서 멈춰있고 댓글을 쓰고 나가려니까 나가지지도 않고 렉 걸리면 영상 클릭도 안됨 게다가 화질설정 왜 저렇게 불편하게 해놓음 ㅡㅡ 진짜 이번 업뎃 이후로 필요없는 기능들이 늘어남 그리고 나만 그런진 모르겠지만 디게 자주 일어나는데 댓글창에서 나가려고 상단에 엑스버튼 눌렀는데 갑자기 설명란이나 좋아요 수가 나와야 하는 부분에 아무것도 없고 터치도 안됨 영상을 내리는 것도 안되고 그거 없앨려면 유튜브 자체를 나가야 함ㅡㅡ 무엇보다 렉 좀 어떻게 해봐요
엄준식, 1,2021-06-07,2,"댓글창 열린채로 영상 전체화면하면 옆에 댓글창도 같이나오느라 영상이 작게 보이는데, 댓글창을 닫으려고 X버튼을 아무리 눌러봐도 안닫힘. 영상을 내렸다가 다시 열어도 댓글창은 안닫히는 상태고, 다른 영상 열때까지도 댓글창이 안닫힘. 결국 앱 자체를 껐다켜야됨"
고유나, 4,2021-05-23,39,"최근들어 와이파이가 잘 되는대에도 불구하고버퍼링과 렉, 그 왜 버그가 자꾸 생겨요🙄그것만 고쳐주시고 알림 올때 댓글 알림/내가 구독한사람이 올린 영상으로 오는 알림/나에게 추천하는 영상 이런식으로 나눠져서 댓글 알림 누르면 내가 쓴 댓글에 알림이 온것만 보여지는 식으로 갔으면 좋겠어요그 외엔 다 좋아요 이대로 쭉 가주세요"
바람Baram, 3,2021-06-03,1,다크모드로 설정한 뒤에 댓글 작성할 때 텍스트를 길게 눌러서 선택하면 뜨는 잘라내기/복사/붙여넣기 옵션 뜰 때 어두운 회색 상자가 크게 뜨는 등의 이상한 텍스처가 나옵니다... 수정 부탁드립니다.
mj K, 1,2021-05-26,22,유튜브 프리미엄 사용중인데 팝업화면 위치가 안바뀌는데 이게 무슨일인가요 오른쪽하단에 고정되어있어서 위족으로 움직이면 화면 밖으로 아에 사라지네요..... 업뎃하고 완전 별로입니다..... 화질설정도 매우 불편하고요 왜 다운 그레이드가 된건지
이수아가사다강민류야야ᅲ륭, 2,2021-06-07,30,"하...참다 참다 화가나네요 유튭 문제인지 one ui 문제인지 유튜브 광고 본뒤 영상이 재생 될 때 항상 영상이 반쪽으로 보이고,광고가 그 나머지 반을 차지하는데...;; 노트20 일반모델인데 신속한 조치 부탁드립니다. 그리고 심지어 광고를 닫기가 안됩니다...ㄷㄷ"
2 1, 1,2021-06-10,9,"블ㄹ투스 연결시 심각한 버퍼링?으로 영상이 엄청난 슬로우모션으로 재생되고 소리가 안 들리는 현상, 화면 누르고 있으면 갑자기 위로 계속 많이 올라감, 와이파이 풀인데도 화질이 자동으로 구려짐"
양제민, 2,2021-05-26,2,"제가 별점을 2개를 주는 이유는 원래는 4,5개 였을지도 모르나 최근들어 프리미엄을 유도하여 선정적이고, 형오스러운 광고들을 먆이 내보내며 유튜브 일처리하는 봇이 확실하게 정확하게 처리를못합니다 그러한 2가지 이유로 별개를 드립니다..."
5 1234, 2,2021-05-30,23,진짜 광고가 가면갈수록 선을 넘네 영상 시작하기 전에 광고 두개 영상 중간에 광고 하나... 이건 뭐 영상을 보는건지 광고를 보는건지..영상에 몰입도 안댐 광고를 넣지 말라는게 아니야...도를 자켜서 영상 하나볼때 시작하기 전에 하나정도면 괜찮잖아 진짜 유튜브 다좋은데 한영상에 광고 3개뜰때 진짜 짜증나.. 이것만 고쳐도 별 5개..
백연, 1,2021-05-26,31,요즘 돈에 미쳐서 광고 드릅게 많이함. 초반에만 해도 영상 10개 보면 광고 하나 나올까 말까 했는데 지금은 무슨 10개중 8개는 광고있고 그 광고도 하나가 아니라 두개씩 나오니까 내가 지금 광고를 보려고 누른건지 영상을 보려고 누른건지 모르겠음. 심지어 이젠 스킵도 안되는게 많음.
S Y, 3,2021-05-26,6,광고가 너무 길고 많아졌어요.. 옛날의 광고는 1개에다가 5초짜리 일때가 그리워요. 요즘은 건너뛰기도 안돼고 2개짜리가 너무 많아요 그렇다고 프리미엄을 쓰기엔 너누 아깝죠..
김영환, 1,2021-05-26,2,자꾸 최대 화질 낮추고 고화질 선택시 한단계 더 선택해야하눈 번거로움만 늘어남... 핸펀도 그러더니 언제부턴가 pc도 1440p가 기본으로 내려가더니 4k는 선택 해야만 하게 변경됨... 계속 유저를 불편하게 만드는 구글... 뭐하는거냐?
Who's the Chubby Cat, 1,2021-06-07,2,"업데이트 후 문제 발생. 손가락으로 화면을 아래로 내리면 화면이 내려가면서 분리되야 하는데, 화면은 안내려가고 댓글창만 내려가다가 유튜브 앱이 멈춰버림. 수정바랍니다"
펭귄은 귀엽다, 2,2021-05-24,1,모바일에서 새로 업데이트한 뒤 손가락이 닿아있으면 화면이 위로 올라가는 불편한 업데이트가 있네요. 설정에서 끌 수 있게하거나 삭제해주세요. 그리고 여러 버그들도 고쳐주시면 감사하겠습니다.
안현지, 3,2021-05-28,18,동영상 화질 선택하는 거 너무 불편하게 바뀐 거 같아요.높음으로 해놔도 360이나 480으로 되고 1080은 시간이 좀 지나야 되거나 제가 직접 바꿔야되는게 너무 불편합니다.개인적으로 전에 썼던 방법이 훨씬 더 좋은 거 같아요.
K H, 2,2021-06-09,56,업데이트 전이 나았습니다. 관리도 잘 못하면서 새로운 기능 추가해봤자 불만만 생기는 점 분명 아실분들이 왜 이러신건지 모르겠네요 ㅎㅎ; 화질은 개판이고 댓글은 막히고..ㅋㅋ 어린이 비슷하게만 나와도 막히니까 뭘 할수가 없네요.. 댓글은 막히고 관리도 제대로 안되어있고 막상 막혀야할건 다 돌아다니고 광고는 점점 더 길어지고 많아지고 그리고 유튜브 가입에 필요한 구글 계정은 만 14세 이상부터 이용이 가능하다고 알고 있는데 왜 어린이들에 맞춰서 업데이트 되는거죠? 차라리 애들용을 따로 만드시죠.. 돈은 돈대로 더 버시고 좋겠네요 어차피 애들용 유튜브 나오면 그것도 깔고 이 앱도 쓸건 뻔하니까. 애들 영상 댓글 막을거면 애들것만 막지 왜 성인까지 막습니까..; 14세 이상 본인 인증을 올리시거나 해주세요 제발..^^
장정아, 1,2021-06-12,0,요즘 유튜브채널자체가 영상이 깨지고 속도도 안맞고 많이 불편해졌어요. 개선좀해주세요 . 돈주고 보는입장에서는 많이 짜증나고 불편해요. 빨리 개선좀해줘요
키리토, 1,2021-05-28,2,이번 업데이트로 유튜브를 쓰레기로 만들어놨어 화질설정 왜이럼? 720p가 최대설정 이면 고급에 1080p는 너네가 필요하면 영상볼때마다 직접 수동으로 바꿔라 이뜻으로 해석해도 되는거임? 안그래도 광고 2개에 영상중간에도 광고로 도배해논 것부터 맘에안드는데 다시 예전으로 돌려달라
Kinhen킨헨, 1,2021-06-11,2,"이게...참 영상 볼려고 유튜브 키는건지 광고 볼려고 유튜브 키는 건지 모르겠네요. 15초 광고는 스킵 버튼 자체가 없고, 5초 광고는 2번 봐야 하고, 유튜브 옛날버전이 훨씬 더 나은 것 같습니다"
블루피치, 1,2021-06-06,5,아니ㅋㅋㅋ응답 없음도 안 뜨고 혼자서 멈추고 그대로 있는데 수정 안돼요? 진짜 몇번째야 짜증나네;;; 그리고 뭐 삭제하면 오류 없어진다고 했는데 삭제해도 안됨. 갤럭시에서 문제 생긴듯. 다시는 안 쓴다
아단, 1,2021-06-02,3,프리미엄쓴지 2년정도된것같은데 올해 들어서 유투브만 로딩도 길어지고 홈도 잘안들어가지고 전체적으로 앱이 무거워졋습니다 유투브 영상 틀면 로딩이 30초정도 걸리는데 데이터 문제인가 해서 넷플릭스나 라프텔 들어가거나 카톡 동영상 다운해보면 딜레이가 없는데 이럴거면 프리미엄의 의미가있나요?? 차라리 프리미엄 안쓰는게 그동안 볼거라도 있으니 그게 더 좋겟네요..
쉘희, 5,2021-05-23,15,다양한 정보를 얻을 수 있어 유익한 것 같고 재미있는 영상 또는 신나는 노래를 찾아볼수 있어서 좋다 네이버로 정보를 찾아 일일히 읽어 보는 것 보다 유트브에서 설명 해주는 것이 더 머리속에 잘 들어오고 배우고 싶거나 알고싶은거나 복습하고싶은 과목이 있으면 그때 그때 볼 수있어 좋다. 시간을 때우기에 유트브 만한건 없는것 같다
임세라, 4,2021-06-08,0,다 좋은데 제가 유튜브 최신버전인 테블릿pc를 쓰거든요 근데 커뮤니티를 아직 볼수가 없고 최신버전 유튜브 앱에서만 볼 수 있다고 나오네요. 어떻게 해야 하죠?? (다른건 다 좋아요)
105 15오은찬, 1,2021-05-27,1,"요즘에 광고가 5초에서 7초로 늘고 광고에서 욕과 비난 폭력적인 모습들이 나와 많이 불편합니다. 그리고 15초 광고가 요즘엔 16, 17, 18초가 되고 많이 자중이 나뇌요"
EJ L, 5,2021-06-07,1,짧은 영상은 shorts로 따로 분류되면서 유튜브 스튜디오에서 썸네일을 따로 설정해놔도 적용이 안되더라고요.. 짧은 동영상에도 썸네일을 적용할 수 있게 해주시면 좋겠어요! 예전에는 채널 들어가서 동영상 탭 누르면 일반 동영상 보듯이 볼 수 있었는데 이젠 이렇게 들어가도 shorts로만 볼수밖에 없어서 아쉬워요
복숭아한마리, 2,2021-06-06,0,영상을 볼때 댓글보는 기능도 없어지고 채널 알림설정하는 기능도 없어지고 내 체널 기능도 없어졌네요. 원래 잘됬는데 업데이트 이후 갑자기 사라졌습니다. 다른건 좋은데 위에 3가지 기능이 없으니 불편하네요
이재천, 2,2021-06-07,30,왜 항상 업데이트 할 때마다 뭔가 이상한게 들러붙는거죠... 이번 업데이트에서는 최초공개설정을 해놨던 영상을 영상이 끝난 후 다시 볼 때 전체화면을 하면 우측 하단에 '실시간채팅 다시보기'라는게 생겨서 자막이 있는 영상인 경우 가려져서 잘 안보이네요... 영상을 보는 중에 끌 수 있다든지 설정에서 끌 수 있는 방법으로 보완해주셨으면 합니다
서율, 5,2021-05-26,6,가끔 렉이 걸리기도 하지만 큰 불편 없이 영상을 시청할 수 있어서 조아요~~~~~^^ 하지만 버그를 좀 고쳐줬으면 더 완벽하지 않았을까여^_^
이원석, 2,2021-06-04,0,화질 고정할수있게 해주세요 자동 해 놓으면 화질이 낮아서 볼때마다 바꾸고 또 높은 화질 해 놓으면 화질이 높아서 데이터가 많이들어서 또 볼때마다 화질을 바꿉니다. 저는 720으로 고정 하고싶은데 어떻게 안될까요?
사용중인 이름, 1,2021-06-02,3,"가끔 부적절한 광고를 띄워놓고 광고 건너뛰기 버튼과 '광고 그만 보기' 기능을 없애버리는 경우가 있네요, 1분 30초 동안 저작권 침해와 부적절한 컨텐츠로 가득한 광고를 강제로 보라는 뜻인가요?"
정도훈, 5,2021-05-31,14,"이번에 업데이트한 화질 정하는거 좋아요..좋긴 좋은데! 대다수의 이용자들은 원하는 화질 (720p, 1080p 등)을 딱 고정해서 사용하는걸 원하고 있습니다. 개선해주실 수 있나요?"
꺼야신, 1,2021-06-06,2,안녕하세요 1년차유저중한명입니다. 제가쁘아계정을추가하면40일후자동로그아웃됩니다.혹시최초로 로그인한기기만로그인될수있도록바뀌었나요?고객센터에문의해도답변이오지않습니다.현재유튜브내부에서는알림으로유튜브의공지상황으로소식을전해주셨습니다. 근데힐레나아담스는스피커로만방송을해주었기때문에공지상황이중요하다고생각합니다.문제해결부탁드립니다.
김은환, 5,2021-06-12,0,유튜브는 혁명이다 우리는미디어를사랑하고동경해왔지만우리마음대로듣고 보고 느끼지못한과거의시절도있었다그러나유튜브가진정문화 사회 예술계통의너넓은spectrum과미디어정보교류의선두주자가된것에감사하고 감사하다 더나은공유문화를만들어주시길빌며..
김다은, 5,2021-06-06,1,재미있어영!저는 프리미엄 결재를 안했는데도 5개의 영상에서 딱한번 광고가 나왔답니당!제가 구관유트브 를 많이보는데 화질짱!!!유튜브짱짱!
김예빈, 3,2021-05-25,9,'신고'라는 것은 뭐 장식으로 그냥 있는 건가요? 아무리 영상&유튜버 신고를 해도 그대로 있고 오히려 승승장구하던데요? 유튜브로 좋아하는 연예인 보는 사람들은 아시겠지만 안티들 정말 꼴 보기 싫어서 신고를 매일같이 해도 정지 먹는 거 없이 계속 뜨는 거 정말 짜증 나네요 심지어 그냥 연예인 이름만 쳐도 제가 신고했던 안티유튜버 들이 반 이상 뜨네요 그래서 유튜브 잘 안 들어가게 되는 거 같아요 빠른 피드백 부탁드려요.
이보람, 2,2021-06-02,1,왤케 버퍼링이 심해짐? 나만그럼? 요즘따라 버퍼링이 너무심해짐. 와이파이 빵빵터지는 곳에서 보는데도 그렇다는건 앱에 문제가 있다는건데 제발 고쳐주라
후헤호하히, 1,2021-05-29,92,추천영상 내릴때 가끔 내려도 위로 올라갑니다. 댓글 보다가 댓글창이랑 동영상 창 내리면 회색 화면으로 바뀌면서 종료하고 다시 들어가야 합니다... 옛날엔 잘 썼는데 왜 자꾸 불편하게 업뎃하면서 오류생기는지 모르겠어요. 굉장히 불편합니다.
YoonWoo Nam, 2,2021-05-22,15,무슨 새업데이트 될때마다 광고가 더 늘어나는건 뭔가요?메인화면 스크롤만 해도 이젠 필수네요;;; 대놓고 프리미엄고객되라고 일반고객들 심리자극하는거나 마찬가지라고 보여지네요
Candoit Peli, 1,2021-06-04,0,확대된화면으로 볼때 오른쪽아래에 실시간채팅다시보기 없애주세요 영상보는데 이상한거로 방해안받으려고 프리미엄쓰는데 이러면 의미가 없잖아요 왜 이런업뎃을해요;;;
hyemi yoon, 5,2021-05-26,2,"어느새 유투브는 저의 일상이되었네요,프리미엄 사용자이며,그래서 다른 음악어플 사용안하고 유투브뮤젝 무한사용중입니다,생각보다 편리하고 사용하기쉬워서 좋습니다"
ᄋᄋ, 1,2021-06-04,16,요즘 유튜브 선넘네;; 미친 무슨 광고를 못넘기게 해놓고 15초짜리를 틀어;; 적당히 해야지 씨튜브 유발련들아 이젠 별점 낮으니까 알바돌리냐? 노답이다;; 제발 대댓글에 알수없는 오류 좀 고쳐라. 일 좀 해 제발;;;
dalgona 6, 1,2021-06-04,85,모바일로 영상 재생이 안 됩니다. 갤럭시s21에서는 문제 없이 재생되지만 갤럭시s6에서는 재생이 안 됩니다. 모든 영상이 그렇습니다. 브라우저를 통해 재생을 시도해봐도 여전히 재생되지 않습니다. 불과 며칠 전만 해도 재생이 됐었는데 확인 부탁드립니다.
wngus rkd, 2,2021-06-07,1,아니 영상보기 전에 광고는 이해해도 영상 보는 중에 광고 3~4는 쫌 심하지 않나? 10분 짜리 영상보는데 광고가 반을 차지하네 ㅋㅋㅋㅋㅋ 이건 그냥 프리미엄 쓰라는건데 이건 쫌 너무하지 않나 광고빼면 나머지는 다 좋음..
Helena Park, 1,2021-06-05,3,전체화면으로 보는 중에 자꾸 화면이 기본 화면으로 돌아가거나 팝업으로 됩니다. 업데이트 이후로 계속 그래서 짜증나네요..s21 울트라입니다.
C B, 3,2021-06-04,298,유튜브 화질설정 다른 영상 볼때마다 높게 올려줘야 되는데 그것도 최근 업데이트 되고나서 고급을 또 누르고 화질을 클릭해야 되서 더 불편해졌어요 그리고 짧은영상 기능 그거도 좀 불편해요.. 댓글이랑 영상 같이보거나 관련영상 띄어놓고 싶은데 그렇게 안나오고.. 이렇게 말해도 대기업 유튜브는 안보겠지만
박주용, 1,2021-06-04,0,생방송이 자주 버퍼링이 걸리고 생방송 댓글창을 띄우면 생방송 화면이 엄청 작아져서 볼 수가 없네요. 이 점을 원래대로 되돌려 주길 바랍니다.그리고 영상이 가끔씩 사진처럼 될때가 있어요
23 1, 1,2021-06-02,0,버그좀 어떻게좀 해봐 진짜 개빡치네 적당히 해야지 버그 개쩌는데 여태 업댓안했네 전체화면하면 댓글창 보이는거 설정도 안했는데 지멋대로 켜지고 왜 꺼지지도 않음 ???개빡치게 그리고 댓글 갑자기 안보이고 댓글창 꺼지지도 않는거 분명히 인지하고 있는 버그면서 왜 여태 안고치고 있음 ??빨빨리 고치셈 진짜 짜증남 일주일도 더됐는데 여태 안고쳤네
류성우, 4,2021-06-04,2,요즘 영상하나에 광고 2개정도는 뜨는것같은데요 광고가 연속으로나오고요 광고시청후재생으로 나와도 또광고나오면 광고시청후재생으로나와요 이건 시임가악한 문제입니다.광고만 생각하실건가요?그리고 영상업로드다하면 끝이잖아요.근데 계속 영상업로드중이라고 떠요.
아로Aro, 5,2021-05-29,5,정말로 제가 잘 보기도 하고 계속 사용하고 있어요!다만...원치 않은 홍보 때문에 조금 불편하긴 한데요!그래도 그 외에는 괜찮아요!이대로 계속 해주세요!
김야리, 1,2021-05-27,6,사람 빡치게 오류나요 재생버튼 누르고 나면 버튼이 사라져야되는데 반투명한 블랙이랑 같이 멈춤 버튼이 계속 화면을 가려요 똑같은 영상을 몇번이나 나갔다 들어와봐도 같은 현상이고 뭐 어쩌라는건지 화질변경도 그렇고 한번 변경하면 그 설정에 맞춰서 계속 재생되어야 하는거 아닌가요?? 할때마다 변경하라는데 안그래도 짜증난거 진짜 빡쳐요
리코, 1,2021-05-31,2,아니 프리미엄 가입하기 싫어서 광고 보기 싫어도 억지로 보면서 하고있는데 내일부터 광고도 돈내고 보라는건 좀 아니지 않나요? 유저기만하네 구글ㅋㅋㅋㅋㅋㅋ광고를 없애라고 했지 누가 프리미엄 억지로 가입하게 하라고 했음? 빡치네
김현종, 1,2021-05-25,1,광고 갈수록 너무하네.. 어지간하면 그냥 보는데 자극해서 유료로 오라는건지..독점이라 막무가내로 가는건지.. 경쟁자 나타나면 바로 갈아타야겠네요
jelly, 1,2021-06-02,0,짧은 동영상은 재생바 조절이 안돼서 일부러 채널 들어가서 시청하는데 뭔 업뎃을 어떻게 했는지 채널들어가서도 짧은동영상으로 재생되네요?????이게 뭐죠 ㅠ 진짜 개불편해요 옵션으로 끄고킬 수 있나요??
gajami, 1,2021-06-01,0,알고리즘 왜 이러죠?? 최근에 공포영화 본 적도 없고 그냥 예능만 보고있는데 갑자기 가짜지만 시체 나오는 영상이 떠서 너무 놀랐네요. 이런거에 예민한 저 같은 사람들은 자꾸 생각나서 잠도 설치는데 진짜 아직도 심장이 콩닥거려요. 보고싶지 않은 영상을 사용자가 설정하게 해주시던지요.
이경민, 3,2021-05-29,62,자세히보기가 너무 안눌립니다. 터치방향 다 틀어가면서 터치해도 인식을 잘못하는 경우가 대부분이고 커뮤니티 글은 간신히 열리는데 댓글의 답글 자세히보기는 별 수를 다 써도 댓글이 펼쳐지질 않아요. 매우 짜증나는 현상이니까 빨리 고쳐주시기 바랍니다.
Dk kjs, 2,2021-05-23,1,아니 뭔광고를 대놓고 2~3개씩나오게하는이유가 뭡니까 유료결제하라고 아예 대놓고홍보하고있네요? 가면 갈수록 엉망진창 되어가고있고 사용자편의를위해 귀담아 들으세요 이러한 노력 없이 맘대로하실려면 그리고 전체화면확대시 글내용이 아래에서 뜸 수정해주세요
be be, 3,2021-06-04,2,"저는 유튜브로 주로 음악을 듣는데요, 추천 동영상에 왜 재생목록이 자꾸 뜨나요? 재생목록은 홈화면에 뜨는 것도 충분한데 추천 동영상엔 동영상만 떠야지 재생목록이 더 많이 뜨는거 싫습니다 그것도 추천 동영상도 아니고 전부 제가 봤던 것들만 계속 뜨는데 그게 무슨 추천동영상입니까 시청기록입니까 저는 주로 검색보다는 추천동영상으로 동영상을 보는 편인데 그러다보니 더이상 누를 영상이 없어 짜증날 때가 많습니다"
Luna루나, 1,2021-06-01,2,동영상 화질 설정하는거 너무 귀찮네요. 업데이트 별로에요. 예전처럼 한번에 설정할 수 해주세요. 그리고 short 할때 썸네일이 자동으로 지정되네요. 유튜브 업데이트할때마다 점점 마음에 안듭니다.
여행좋아용, 5,2021-06-09,2,"이거 왜 이런지 모르겠어요,ㅠ 저가 요즘 초보 유튜브로 올리고 있는데 맞구독을 합니다! 구독을 다른사람을 태블릿 합쳐서 2개를 누르면 그것이 구독누른게 표시되었다가 2개가 사라져있고 그러더라고요! 무슨 오류인가요?"
Junghun lee, 1,2021-06-06,0,잘 보다가 1080으로 올리면 버퍼링 장난 아니에요 10분전에는 1080으로 잘 보고있는데 어느순간 버퍼링이 심하네요 그 뭐 광고를 돈받고 스깊하는거 말고 관리좀 잘 합시다 한두번도 아니고 왜 이렇게 버벅거리는지 원......
블랙잭, 1,2021-05-24,1,리뷰를 잘안하는 성격인데 드릅게 불편한 화질설정에 업데이트로 인해 없던오류도 생기고 광고는 드릅게 쳐넣고 돈에 정신줄 놓지 마시고 버퍼링이 더 심해진거같은데 기분탓이겠죠..
아이스홍시 ICEHONG, 5,2021-05-26,3,"시간날때 간단히 볼수있는 #SHORTS같은 기능도 편리해서 좋고, 재미있는 영상들을 사람들에게 알릴수있는 앱이라는게 정말 좋다고 생각합니다. 유튜브가 데이터를 많이 쓰게 되지만 제 기준에서는 좋은 앱이라고 생각합니다."
듀비듀, 1,2021-05-29,2,업데이트 머선일이고 예전에도 타임바 재생한 시간이 아니라 남은 시간으로 뜨게 만들어서 사람들한테 욕 먹고 다시 원래대로 돌려놨잖아요. 또 욕먹고싶어서 그래요? 사람들이 원하는 스크롤이나 로딩 오류나 좀 개선해주지 뜬금없이 아무도 바라지 않은 로딩바는 왜 손대요? 넷플릭스 부러워서 따라하고 싶었나..?
릴리엘, 4,2021-05-28,1,왜이렇게 영상이 느리게 나오나요? 정말 짜증납니다 영상을 제대로 볼수가 없어요ㅠ 고쳐주세요 그것만 고치면 문제없이 별5개 일탠데 영상이자꾸 느리게나오니 어쩔수 없이별 4개 드립니다
나로, 3,2021-06-07,1,잘 사용하고 있었는데 업데이트 이후로 화면이 너무 불편해졌음. 영상 보다가 화면 터치하면 상단에 x표시 눌러서 다시 닫아야 되고 댓글 보는것도 불편하게 작아져서 뭐 탭해서 봐야되고 예전이 더 나은거 같은데요...
Hwayang, 4,2021-06-04,2,"항상 유튜브를 유용하고 재밌게 보고있습니다만, 짧은동영상 표시 안하시면 안될까요?괜히 생겨서 불편한 느낌?스크롤도 없고...그리고 15초 스킵도 못하는 광고랑 광고 2개 나오는거 불편해요 없애주셨으면 좋겠어요..."
나쟁, 1,2021-06-04,1,광고 미쳤다. 5초? 참았다. 광고 2개 10초 못참는다. 그리고 15초짜리 광고는 건너뛰기도 없다. 이제는 광고 3개 되겠네ㅋㅋㅋㅋ 유튜브같은 앱 하나 만들어줬으면 좋겠다.
비랑쌤, 4,2021-06-06,2,데이터 사용시에는 끊김이 없지만 와이파이 사용시에 항상 중간에 영상이 멈춰버립니다. 혹시나 해서 다른 플랫폼 동영상을 보면 훨씬높은 화질임에도 끊김이 없는데 유독 유튜브 앱에서만 이런현상이 발생하는것같습니다.
최진영, 5,2021-05-22,1,"유익한 것들도 많이 있고, 재밌는 것들도 많아요!다만 버그만 없었으면.. 그래도 제 폰에 문제가 있는 것 같으니까 별 5점 드리죵"
yUgEON kIM, 1,2021-05-30,10,"유튜브 프리미엄 결제하면 광고 없애준다는 거 자체가 시청자들이 광고땜에 빡쳐한다는 걸 안다는 거 아님? 근데 계속 광고달고 영상볼때는 화질 구리다가 광고만 나오면 4k인것도 짜증나고 광고 끝나도 로딩중 표시뜨고, 광고를 물건을 팔려고 만들어야지 이딴식으로 하면 오히려 사고싶은 물건도 사기 싫어짐 생각좀 하고 광고 집어넣어라 진짜로 왜이러는지 이해가 안됨 거기다가 뭔 개같은 성능을 집어넣어서 화질 바꾸는거 찾는데 한참걸렸네 어떻게 하는지 알려고 검색해보니깐 지식인에서 알려주는게 아니라 물어보는 게시물밖에 없고 거기다가 영상 키고나서 확실히 화질 1080으로 했는데 화질 개꾸져서 보니깐 480이고 이딴식으로 할거면 업뎃하지마라 거기다가 내가 관여할 바는 아니긴 한데 뭔생각으로 노딱 이런거 붙이는거임? 붙이는거 자체는 괜찮긴 한데 기준이 너무 말도안되잖아 그냥 겜했는데 노딱붙고 나였어도 ㄹㅇ 개빡쳤겠다 거기에 편집실수로 수위높은 장면있는 영상들은 노딱도 안붙이고 유튜브 이러다가 다른 암걸리는 앱 뭐 트위치 같은것보다도 빨리 망할듯 ㅉㅉ"
잇힝, 1,2021-05-24,52,"아 증말 화질 옵션 개선 좀 해라~!!!!! 고화질 눌렀을때 해당 영상 제일 높은 화질로 맞춰주게 해놓던가, 의미가 있냐?? 한번으로 선택하게 냅두지.ㅡㅡ 프리미엄 등급은 다르나??"
Wanjoong Kim, 1,2021-05-22,38,"(이어폰 컨트롤) 아이패드 유튜브 앱에서는 모든 컨트롤이 자유롭습니다. 외부키보드, 리모컨 사용할때 안드로이드 유튜브앱은 되는게 하나도 없네요~ 리모컨이나 와부 키보드 사용하는 사람들 편하게 사용할 수 있도록 빠른 업데이트 바랍니다."
윤희랑랑tv, 5,2021-06-02,4,광고가 많아서 좀 그렇지만;; 뭐 그까짓 것 tv에서도 많이 나오고 하니깐 그건 넘기고;; 그냥 할말은 다양한 영상들을 볼수있어서 좋아요!! 전 유튜브를 까는걸 추천드립니다!
고봉식, 1,2021-06-09,49,문제 생기면 앱정보 눌러서 데이터 지우고 다시 실행 해보세요~~~ 저는 그렇게해서 문제점이 발생하지 않고있어요 .혹시나 해서 알려드립니다! 업데이트 하면 업데이트의데이터와 충돌 현상 발생하시는분 계신거같아서...
조피유 티비, 1,2021-05-28,0,아니 이거 있잖아요 와이파이와 통신도 터지는데 왜 화질 1080 으로 버퍼링이 자주걸리죠? 와 저가 유튜브를 12년을 보았는데 버퍼링 안걸린 날짜가 하나도 없어요 ㅇ와 제발좀 고쳐주세요 그리고 유튜브 보지 않는게 나아요
냥코, 3,2021-06-10,1,지금까지 아주 잘 쓰고 있었습니다. 그런데 이번에 업데이트 되고 나서 저만 그런거 같은데 댓글창이 아예 사라져 버렸습니다. 그리고 전에는 전혀 규칙에 위반되지 않는 영상이 19금이 붙어서 화가 났습니다. 댓글창에 관하여 해결 방법이나 안된다면 원인이라도 알려주시면 감사하겠습니다.
남가인, 3,2021-05-19,0,계정전환을 들어가는데 몇개 계정이 사라져있고 또 들어가보니 사라진 계정이 있고 딴계정이 사라져있고 유튜브 홈화면은 연결할 수 없다하고.. 버그좀 고쳐주세요 껏다켜보기도 했어요.
추리닝, 4,2021-05-26,1,폴드2 사용자로 내외부디스플레이로 사용시 유튜브 설정이 서로 다름... ex) 외부로 볼때 설정에 시청 시간 시청중단 알림 설정이있음 내부로 보면 저런 설정들이 없음 설정에 옵션들이 많이 부족함
남지혜, 4,2021-06-08,1,"소형플레이어 사용 중지 좀 없애주세요. 광고 보라고 만든 것도 아니고, 광고만 나오네요. 제 속 썩여서 화가 조금 나네요."
Pearl Kang, 5,2021-05-23,3,마하시선원법문은 테라와다불교의 정수이며 그 수준과 깊이가 비교불가의 정점에 있습니다. 훌륭한 법문들으시어 세간과 출세간의 행복과 이익을 고르게 나누어 가지시길 기원합니다.
Hyojoon Jeong, 2,2021-05-26,1,가끔 광고 2개 연달아 나올때 / 광고가 15초 정도 되는데 스킵 안될때 / 선 넘네? 라는 생각듬. 새로운 사이트가 떠오르면 바로 갈아탈꺼야
방울방울이와콩단이డ, 4,2021-06-06,0,다 좋은데 구독자가 10만(?)이 넘어야지만 커뮤니티를 할수있다고 들었는데여 전 6명 인데 그럼 10만 안 넘는 사람들은 아예 커뮤니티를 하지 말란 건가여? 그리고 아무리 시도를 해봐도 뒤에 배경화면을 못 바꾸더라구요 그것도 고쳐주시면 감사하겠습니다. 또 욕하는 사람들이나 기분 나쁘게 말하는 사람이 많은데 이건 어떻게 고칠순 없겠죠? 신고말고는... 이거 말고 아까말씀 들였던 커뮤니티와 뒤 배경화면은 고쳐주시길 바랍니당
김Jay, 5,2021-05-26,1,"컨텐트 하나하나 심혈을 기울인 작품입니다. 아이디어, 손재주, 치밀함, 편집능력 최고입니다. 짧은 시간에 구독자 급성장에는 분명한 이유가 있습니다."
이야아야오, 1,2021-06-06,0,업데이트 한 번 짜증나게 했네. 인터넷 연결 상태 안 좋으면 그냥 로딩 걸리게 냅두던가 왜 화질을 강제로 내리고 난리야 얼탱이가 없어서 화질 1088까지 키워도 원래대로 안 돌아오잖아..
김상준, 1,2021-06-09,5,내가 144p를 보기위해 프리미엄을 돈내고쓰는게 아닌데 그전에는 360p이라도 되더니 지금은 144p고정이고 컴퓨터로 로그인안하고 볼때도 광고만은 1080p이고 그럴거면 광고도 144p으로 하지 광고는 1080p이야 내가 유튜브에서 사람들 업로드 영상이나 방송 보려고 유튜브 보는거지 영상이나 방송은화질 최저이면서 광고는 화질이 너무좋아 유튜브는 이제 광고보는 앱이야
박명화, 4,2021-05-26,1,tv보다 유튜브를 더많이보고 네이버보다 검색은 당연히 유튜브로하는데 내의지와상관없이 보기싫은 영상이 막뜰때 너무화가납니다 뱀영상이 귀신보다 전 더무서워서 마비가옵니다.
겨울아이, 3,2021-05-25,1,"어느순간 렉이 심해요 동영상 집중해서 보고 댓글에 답글 좀 보려면 아무리 눌러도 안들어가지고, 또 동영상 집중해서 보다 다른영상 보려고 뒤로가기 누르면 뒤로가기가 안되고 유투브가 아예 꺼져버려요 몇달째 참다가 쓰네요"
S.Y H, 2,2021-05-26,0,국가별로 문제가 있는 영상에 대한 이해가 없으면 기준이 없으니 지들 맘대로~~ 국가별로 볼수있는 사항을 만들어 주든지요 수익이 목적이니 어쩔수 없으나 항상 시청자가 있다고 생각하지마세요. 유튜브 말고도 볼거는 많습니다.
꼬와이데스네, 1,2021-05-24,3,이거 블루투스만 연결하면 영상 바뀔때마다 블루투스 기기에서 사운드가 일시정지 했다가 다시 재생할때까지 안나옵니다 뮤직앱이나 크롬 유튜브 사이트는 이상없는데 이 앱에서만 문제가 발생합니다
닭도리백반, 2,2021-05-23,0,자꾸 끊겨요.. 그리고 영상은 멈춘 채로 소리만 나는 현상이 나타납니다.. 렉은 당연한거고요.. 개선이 필요한 거 같네요
jeongwoon seon, 1,2021-06-02,0,유튜브 믹스 기능 새로 생겼는데 기능 안나오도록 막는 방법 없나요? 아니면 기존 재생목록 보는 방식이랑 호환되게 만들어두던지 하는게 좋을거같은데..
SPD, 4,2021-06-05,0,"정말 잘 쓰고 있어요! 다만 댓글, 영상 신고하면 그 조치가 좀 빨리 이루어졌으면 해요,, 신고해도 아무 조치없는게 대부분이더군요."
김예지, 4,2021-05-26,1,제발 간접광고를 안 나오는 방법을 해결해 주셨으면 좋겠어요. 간접광고 1~2개 이상 나오면 영상을 보기가 너무 불편해요.
아리네 생생 정보, 4,2021-05-24,1,"영상도 만들수있고 영상도볼수 있언서 좋은것같아요! 요즘은 TV로 유튜뷰를 보긴하는데.여기서도,티비에서도 잘보고 있어요^^~"
튜브유, 1,2021-05-24,0,왜인지 모르겠는데 와이파이는 문제가없는데 왜 안되는거죠? 일을 좀 똑바로 하면 안되나요? 왜 관리를 이딴식으로 하시는지 이해가 안가네요
claire, 4,2021-05-31,0,업데이트 후 영상 끊김 현상이 나타납니다...일시정지버튼 누르지도 않았는데 갑자기 영상이 멈춰요ㅜㅜ.. 다음 업데이트 때 패치해주셨으면 합니다! 참고로 기종은 노트5입니다!
박현우, 3,2021-05-22,5,재생종료 이후 화면이 꺼지지 않는 경우가 있습니다. 오류인 것으로 보이는데 조절 가능한 옵션이 없고 항상 그러지 않는 걸 보면 오류인 것 같은데 수정될 때까지 1점 드립니다.
정양호, 3,2021-06-06,1,안녕하세요 저는 유튜브를 즐겨보고있는 유튜브 고객입니다 그런데 제가 아무레도 저장공간이 없기도 해서 삭제를 하려고해요 한번깔았더니 기본앱이라고 인식해서 삭제가 안돼서 플레이 스토어에 왔는데 엄한 업데이트가 있고 삭제가 안돼더라구요 그리고 제가 옛날폰으로하고있어서 갑자기 앱에서 말고 다른 브라우저로 하라고 하더라구요 그리고 요즘 폰에 기본으로 있잖아요 근데 아이들도 쉽게 접하는데 가끔 광고로 야동이 나오더라구요 그래서 아이들이 만지는데에는 문제가 있을거 같습니다 지금까지 읽어주셔서 감사합니다!답장 부탁드려요!
연근이, 3,2021-06-09,0,요즘 전체화면 돌리면 영상 반 댓글 반으로 화면이 나뉘는데 댓글창이 안꺼지는 버그가 있습니다 유튜브 종료후 재시작해야하는 번거로움때문에 짜증이 나는군요 빠르게 버가 수정 해주세요
all round, 3,2021-05-26,0,수동으로 고급화질로 설정 해두면 인터넷 환경 제쳐두고 무조건 최고화질로 재생되게 해주면 좋겠음 좀만 벗어나면 4k영상이 720p로 재생 되는데 이건 자기네들 트래픽 줄이려는 꼼수아닌가
지제, 5,2021-06-04,7,저는 쇼트 영상이 별로예요 댓글을 못 봐서 재미가 없어요. 그런데 요즘 채널에서 동영상을 누르면 댓글기능이 있는 영상도 전부 쇼트기능으로 나오네요. 쇼트를 끌 수 있는 기능이 있으면 좋겠어요.
오익환, 5,2021-06-03,0,제일 많이 보는 유튜브 진짜 잘 만들었고 정말 재미있고 그리고 광고 없는 프리미엄까지 정말 무대를 덥치네요!😁 만든사람 1000만원 더 주고싶다. 사랑해요 그리고 감사해요 유튜브 많이 시청 부탁드려요
ㅅㄴ정, 5,2021-06-05,0,훈제오리를 구워서 간단 반찬으로만 먹었었는데....10분 영상으로 만찬식탁을 차려주시네요~ 이거 반복해서 보려고 저장이라는거 해봅니다.
맛간도깨비, 4,2021-05-26,1,유투브 에서 많은걸 배우고 새로운사람들과 교류할수 있는것도 매우 좋아요. 유투브를 하다보니 부지런해지기도 하고 내 자신의 새로운모습도 발견하게 되네요.
검은화면Black_Screen, 2,2021-05-24,0,요즘들어 버퍼링 심해지고 광고도 너무 많이 나오는 것 같습니다 근데 유튜브 프리미엄 하니 안끊기고요 다시 쓰려면 월 12000원 정도 내야하고 이거 일부러 결제하게 만드려고 하는것처럼 느껴져서 불편하네요
방지오, 1,2021-05-22,4,"갤럭시 버즈 플러스 사용자입니다. 영상 재생 컨트롤이 안돼는 심각한 버그가 있네요. 1주일 이상이나 이러한 증상이 있었는데, 아직까지 고칠 생각을 안하네요."
김수혁, 5,2021-05-26,1,아주 좋아요. 심심할때 보기 딱 좋은 앱 알고리즘도 나쁘지 않아요. 하지만 단점이라면 유튜브 채팅창 관리를 하셨으면 합니다. 너무 개방적이여서 보는데 불편함이 있습니다.
Kim Sacha, 3,2021-06-05,0,자막(CC)가 사파리 데스크탑 버전에선 나오는데 앱에선 안나오는 경우가 자주 생깁니다. 왜죠? 최신 버전 앱인데...
핀아, 1,2021-05-29,31,유튜브 버벅거림이 너무 심해요. 한 5분씩만 해도 버벅거려서 스크린을 내리거나 터치도 안 되는 등 정상 작동이 되질 않아서 재접속 해야해요.
양혜현, 4,2021-05-26,1,"광고는 서버의 유지비로 인해서 어쩔 수 없으나 스크롤 시 위로 올라가는 버그, 검색창에서 채널 정보가 보이는 버그 등이 아쉬웠습니다"
d d, 1,2021-05-25,0,냥발 고화질이 144p? 분명 수고스럽게 설정 들어가서 높은화질 우선으로 되게 해놨는데 144가 말이 돼요? 영상 하나 볼 때마다 화질설정 하려니까 개빡치네 진심 이럴거면 업데이트를 하지를 마세요 괜히 쓰잘데 없는거를 건드려서 사람 짜증나게만드네
사과톡톡, 1,2021-05-26,0,광고좀 줄여주세요 영상보다가 중간에 광고를 보면 불편하가는 주장 때문이 광고를 앞에 너서 처음에 2개 나올 때가 많고 중간에도 여전히 광고가 많아요...😡
김케니, 3,2021-05-27,5,유튜브를 통한정보입수~ 너무 편하고 강력하고 좋아서 걱정이다 ! ! 1.잘못된 정보 홍수 피해 왕왕 2.공개돼선 안될 사람 혹은 정보제공피해 3.정승이된 유튜브의 횡포는 없을까? 4.자격미달 유튜버들의 난립 피해 브레이크없는 마약같은 유튜브의 힘을 과연 누가 언제 얼마나 통제할수 있을까 ?
하창윤, 5,2021-05-27,2,너무너무 편리해요 근데 담거 누르지 않았는데... 눌리네요 저도 크리에이터 활동중이에요 이 계정은 아빠계정이에요 유트브 이름은 두가지에요 (지윤이의 생활일기) (지윤이의 공부 TV)에용^^
김석규, 3,2021-06-05,0,날이 가면 갈 수록 불편함이 더 가중되는 것 같다. 내가 클라이언트를 만들어도 이렇게 만들어질까 싶은 수준... 피드백은 듣는지 안 듣는지...
내 혼자 가수다, 5,2021-05-26,4,저의 채널에 들어 오시어 제가 혼자 노는 모습을 보시고 여러분들의 하루의 스트레스가 또 삶의 무게를 조금이라도 들어드릴 수만 있다면 저는 너무 행복 할것 같습니다 감사하고 서로 좋은 인연이 되었으면 합니다 우리 서로 노력하여 세상을 정의롭게 진실되게 착하고 성실하고 아름다운 사람들이 더 잘사는 세상 그리고 모든 사람들이 자신의 미래를 향해 긍정적이고 희망적인 꿈을 꾸면서 다른 사람들도 행복하게 해주는 그런 사람들이 되었으면 합니다 내 혼다 가수다 올림
냉동참치, 3,2021-05-26,0,광고 작작좀...프리미엄 쓰라고 광고 빡빡하게 쳐넣은거 역겨움...물론 결재 안한 나도 그지새끼지만ㅋㅋㅋㅋㅋ 광고로 벌어먹는다지만 유도하는 것도 작작해요 좀
[ System ], 3,2021-05-22,1,"조금씩 업데이트를 하는건 좋은데 영상 해상도 변경, 투표 알고리즘 등은 오히려 불편해져서 노력만 보이고 성과는 나오지 않는 느낌입니다."
하슬이가좋은하을, 1,2021-05-30,1,ㅇㄴ 그냥 구독취소를 유튜브님이 뭔데 자동취소해요? 71에서59됬는데68명까지 복구했는데 또 다시구독취소 할꺼에요? 저한텐 상처라구요 어떡해 모은 구독자인데59명까지 깍아 내릴수있어요? 너무한거하인가요? 68명까지 깍는건 괜찮은데12명의 구독자를 최소하는게 올은 행동인가요? 바보세요? 네 사과 안하셨네요 신고10번할게요~ㅅㄱ요
라이언, 1,2021-05-25,1,아 진짜 짜증나네 영상 보기전에 광고말고 그냥 떠있는 광고 왜 역겨운것만 뜹니까? 난 피부관련해서 검색을 한적도 없는데 진짜 역겨워 마치겠네요. 그만보기 해도 계속 뜨고 진짜 이것 좀 어떻게 해주세요. 토나와요 그거 보면 하루종일 기분 더러워요.
Young K, 1,2021-05-27,0,화질 선택 한번만 눌렀을 때 편했는데 왜 굳이 여러번 누르게 나눠서 영상 볼 때마다 매번 설정하게 바꿨나요 고화질로 설정했으면 제일 높은 화질로 재생시키던가 너무 불편함
T-34 85, 5,2021-05-27,1,유튜브는 수만가지의영상과 여러가지 장르의방송하고 유익한이야기 등 다 설명 할수없을정도로 없어져서는 안될 앱 같습니다 유튜브는 한 세기의 든든한 기둥이고 거의 글이아닌 영상으로된 만능책입니다
라임민트, 1,2021-05-28,0,"LG V10 사용자고요. 방금 유튜브에 접속해 보니 구독한 채널들이 모두 구독 취소되 있어요. 정말 기분이 안좋아요. 제 기록이 다 남아있는데.. 그리고 이젠 제 287명짜리 본계 구독자도 갑자기 0명이 돼었고, 74명짜리 부계정도 구독자가 0명이 돼었어요. 진짜 화가나네요. 진짜 유튜브는 일을 하는건가 싶고요. 짜증나고 이 앱이 정말 쓰레기 같습니다. 이딴 오류를 아직도 안고쳤다니. 한심하네요"
돈그란말랑이-2, 1,2021-05-26,1,근데 이거네가 아동용아님으로설정햇는데 아동용이라뜨고 왜이래요 나도아동요으말고 아동용아님으로했는데 아동용이라뜨고 맘대로하지마요 그리고 내가영상을올렸는데 왜이리조회수가안나오나햇더니 딴게정으로 로그인하고 내영상시청할라했는데 19이상이라고 인증하레요 내영상에 나는 19세이상으로안햇는데 맘대로 사람들못보게하고 짜증나네고처요 진짜개발자 나쁘네 왜 답변확인안함?
aneo, 2,2021-05-20,0,아니 잘 사용하고있긴 하다만.... 광고가 한번에 2개나 나올때도 있고 20초나 되는 광고가 5초뒤 스킵이 없을때도 있고 옛날 기능이 더 좋았네용....
꿈에찾아간다, 1,2021-05-24,0,그놈의광고.. 그래 광고 쳐나오는건 이해한다고 치자. 왜 영상 다 끝난뒤에 또 광고나오는건 뭐냐ㅡㅡ진짜 광고에 ㅁ1친것같다 진심.
빛보라, 2,2021-06-05,0,제가 유튜브 시작했는데 프로필은 사진 넣을수 있는데 배너 이미지가 넣는게 너무 복잡해요 그리고 게시를 했는데도 않되요 어떻게 하라는거지도 모르겠고요 핸드폰으로 다시 간단하게 해주시면 좋겠어요
시오 塩ちゃん, 5,2021-05-29,2,앱은 좋습니다! 근데 갑자기 제 계정에 '구독자 없음' 이라는 문구가 떠요.. 모든 사람들이 그런진 모르겠는데 이게 버그라면 고쳐주시길 부탁드립니다
바나나우유, 1,2021-05-29,2,요즘 유튜브에서 안하는거 -서버 고치기 -고객들을 편리하게 만들어주기 -시스템 개선하기 요즘 유튜브에서 하는거 -중국 똥꼬빨이 -어떡하면 저질스런 중국겜 광고로 돈빨아먹을지 생각하기 -어떡하면 더 광고를 많이 넣을지 상상하기
Wall Wall, 3,2021-06-07,0,옛날엔 좋았는데 업데이트 하면서 광고도 개많아졌고 광고들도 이상한 광고 뜨고 화질설정 굳이 복잡하게 들어가는거랑 서버오류랑 내리는데 올라가는 이상한 버그 같은 것들도 많아짐
초코비, 5,2021-05-25,4,갤럭시탭a7 태블릿하고 갤럭시s20 둘다 유튜브 사용하는데 유튜브에서 영상 재생 하면 소리가 나오면서 멈춤 현상이 생겨서 영상 멈춤는 오류좀 해결 해주세요 빨리요 유튜브에서 영상 볼때 소리가 나오면 멈춤현상 때문에 불편해서 보기 힘들어요 해결해주세요
안예린, 5,2021-05-23,6,"가끔 꾹누르면 맨위로 올라가게하는기능 무작위로 나오게하지말고 선택할수있게 하면좋겠고, 화질선택 720p, 1080p이런식으로 선택할수있게 바꿔주세요."
DH kim, 4,2021-06-06,0,"5/17 업데이트 후 이어폰, 헤드폰, 블루투스 리모컨 등을 사용한 외부동작이 볼륨조절 빼곤 모두 작동안하네요."
나는야 뚜보, 1,2021-06-07,0,네.. 좋아요 근데 휴대폰으로 1000명 아니여도 실시간 할수 없나요?? 그 기능도 넣어주세요..... 제가 실시간을 하고싶어서 이러는거 입니다. 1000명 아니여도 하게 해주세요.
루데스, 1,2021-05-31,2,다좋은데 버그인가요? 영상은 재생되는데 화면 쥐꼬리만하게 나오는거?진짜 욕나올정도로 불편한데 개선이없네요? 가로로 보다가 새로로 들어가면 화면 고정되있고 영상 짤리고
뵤뵤, 1,2021-05-26,0,아니 도대체 언제쯤 안튕겨요??? 하루에도 몇번이나 튕기고 느려지고 렉걸리고 그놈의 '응답하지 않습니다 않습니다 않습니다' 진짜 지긋지긋하네요.
임가, 1,2021-05-22,0,"지금 유투브 업데이트했는데 이상하네요 스크롤이 내려가지 않고 영상이 뜨지를 않네요 정확히는 영상 3,4개만 보이고 그 밑으로 스크롤이 안내려가요"
룰루랄라미술튜브, 4,2021-05-27,1,"다른사람과 즐겁게 소통할 수 있어 즐겁고 일상에 유익합니다! 그런데 아쉬운점은 유튜브 채널 아트나, 대표영상 등.. 이런것들을 바꾸는게 많이 어렵습니다ㅠ"
정다혜, 1,2021-06-07,3,베타만 보면 자꾸 처음으로 돌아가요ㅠ 예전엔 그냥 짧은 동영상이었던 것들이 전부 베타가 되서 불편합니다 다시 수정 부탁드려요 좀 더 편리한 기능 부탁드립니다
vagabond 815, 4,2021-05-26,1,광고 거지같음 필터링이 전혀 없음 아직도 선정적인 광고가 너무 쉽게 자주뜸 심지어 성인도 안된 조카것들이 지들 폰에서 볼때도 앙앙 거리면서 가슴 흔들리는 광고 심심찮게 나옴
언니야Q, 2,2021-05-30,0,광고 좀 줄여주세요 무슨 영상 한 번 보는데 광고가 2번이나 나오고 길고 예전에는 많이 안 그랬는데 가면 갈 수록 심해지네요;;;;
임정욱, 1,2021-06-11,2,"진짜 다좋은데 유튜브 프리미엄 만원 넘어가는건 좀 선넘는듯.. 한달에 만원? 에바지;; 잠시 끊겼는데 8,690원에서 10,450이 됐네"
민태현, 5,2021-05-26,0,잘 사용중인 앱이에요! 다만..요줌이 화질이 너무 안좋아지고 볼때 불편한점 빼고는 다 너무 좋고 완벽한 앱인것 같습니다.
최현용, 5,2021-05-26,0,"안녕하세요아빠패드로유툽보는사람입니다너무재밋어요!내이버에는로그인은안돼고,그러면구독이랑댓글도못보는데최고입니다.별1개주는사람이해가안가요아무튼전별5개말구별111100009999999개주고싶네요그럼안뇽"
노랑노랑 무지 이소율, 4,2021-06-07,0,좋아요!😆 동생도 좋아하네요. ㅎㅎ 좋은영상이 많네요. 초등학생에게 어울리는 영상도 더 올려 주었으면 더욱 좋겠습니다~♥ 감사합니다.😊
"호키유튜브 Hoki[구독자1000명, 수익창출 목표]", 3,2021-05-26,0,"좋고 소통도 할수있어서 좋으나 이상하거나 비매너유저, 욕설 사용자가 있어서 좀.. 저는 나쁜사람이랑 싸운적 있습니다. 유튜브 채널 운영도 힘들구.."
장미라, 5,2021-05-27,3,비타민D 정말 나이들어서는 꼭챙겨먹어야하는 필수라고생각합니다 평소에 이제품을 즐겨먹었는데 너무좋아서 추천합니다 저는 이제품먹고 정말건강해졌어요~~10년전 유방암2기로 투병생활 끝내고 정상회복한지 10년이 넘었네요모두들이약드시고건강하세요~~
스만, 1,2021-05-28,0,아니 노트20울트라 쓰는데 위로 슬라아스를 안하고 꾹누르고만 있어도 내렸던 스크롤을 돌러버리네..프리미엄까지 쓰는데 에바아니냐 또 심지어 아이폰은 정상적으로 잘된다.ㅋㅋㅋ
이얏호응, 1,2021-06-09,2,유튜브 사용을 하다가 멈춰놓고 다른 어플을 쓰거나 시간이 좀 지난뒤 다시 유튜브를 들어가면 화면은 멈춰있고 댓글창은 전부 회색화면으로 바껴있습니다 한달전쯤부터 나타난거같은데 좀 고쳐주세요 ㅜ
이제운, 4,2021-05-26,1,음악듣고싶으면 1시간짜리 동영상 찾아다녀야 하는 구시대적인 ux가 남아있음. 반복재생 만들어주면 안되나 재생목록 맨날 새로파야함
김덕선, 5,2021-06-01,1,"제가 원래 네이버로 동영상을 검색해서 보는데,유튜브토보니 너무 좋네요♡전 완내스고요 유튜브를 깔지말지 고민되는 분들은 꼭!까세요.강추드립니다~^-^"
하늘, 1,2021-06-10,2,유튜브 진짜 좋은데 차단기능은 댓글을 못하게 하는게 아니라 아예 채널을 검색해도 안나오고 영상도 안나오면 좋겠어요 제가 싫어하는 영상이 나오면 채널 들어가서 차단했는데 상대방 차단인줄 알았는데 쪼잔하게 댓글 못하게 하는거....이거좀 추가해주세요
양서진, 5,2021-05-26,0,너무 재미있고 좋은데 문제가 폰바꾼지 얼마안됬는데 갑자기 가끔식 랙이ㅠ걸리고 2분동안 안디는 경우가있어요 이것만 고처 주세요.ㅠㅠ
김수정, 5,2021-06-02,0,나는 이 유튜브가 너무너무 감사드리고 앞으로도 잘 쓸게요 감사합니다 코로나 조심히 이겨내며 마스크도 잘 쓰실 바랍니다 저도 마스크를 잘 사용하고 있습니다.
ᄋᄋ, 2,2021-06-07,0,진짜 제발 유튜버나 어떤단어 차단기만들어주시고 알고리즘으로도 안 보이게좀 해주세요 아니면 프리미엄기능에 추가해 주시면 저 진짜 평생 프리미엄 쓸 자신 있습니다. 제발 떼돈벌고 싶으면 잡기능 만들지 말고 이것좀 제발 만들어주세요 진짜부탁드립니다.
도우마, 1,2021-06-12,0,유튜브영상을 저장하려 하는데 갑자기 유튜브 재생목록이 다 사라졌더라고요? 이거 저만그런지는 모르겠지만 이거 빨리 고쳐주시길 바랍니다
처음처럼HD, 1,2021-06-11,0,"최신버전 업데이트 후 광고 더 많이 뜸. 이전에는 컨텐츠 영상의 광고 다보고나서 곧바로 다른 영상 틀면 광고 안나왔는데, 이제는 영상 누르는 족족 전부 광고나옴."
곰돌희, 3,2021-05-26,1,광고가 이중 광고가 나오면서 불편하고요. 그리고 가끔 가다 보면 이미지 광고에 좀 민망한게 나옵니다. 아이들이 보기에는 좋지 않은것 같아요 그 점 고쳐 주시면 좋겠네요
화서닝, 4,2021-05-26,1,추천동영상을통해 시청자에게 맞춤 영상을 제공하는게 좋습니다!근데 아쉬운점은 조금 불건전한 컨텐츠가 있는것 입니다.
예린찡, 2,2021-05-30,1,"광고가...솔직히 있다고해도 너무 심하네요 그리고 PC만 가능한기능도 태블릿,휴대폰에도 할수있게해주세요.그리고 요즘따라 광고스킵버튼도 안나오는데 너무 기네요"
하참, 5,2021-06-01,0,유튜브는 모두가 쓰기장말 좋은앱이며 저한테도 정말 만족스럽고 최고의 앱입니다. 제작자님 아픙로도 좋은 업데이트 기대 하겠습니다.^^
Nayoung, 3,2021-06-12,0,제발.... 터치하면 자동 스크롤업되는 기능이랑 데이터가 안받아와지면 댓글창도 안닫혀지는.....그런 버그 수정좀 해주세요....
임채원, 3,2021-06-09,0,동일한 환경에서 이 단말기로 광고 건너뛰기만 하면 무한 버퍼링이 걸려서 영상을 껐다켜야되는데 이것도 의도한건가요?
한중희, 4,2021-05-29,10,"유튜브는 다양한 콘텐츠를 만들고 재미있는 영상 올리는 것이 유튜브 입돠 저는 제일 좋아하는 채널이 잠뜰,공룡,덕개,라더,수현,각별,김블루,연다,흔한 남매 이러게 좋아합니다 물론 다른 채널도 좋아합니다 ㅎㅎ 제 의견을 보신분들은 무슨 채널를 좋아하는지 써주시면 감사하겠습니다 긴글 읽느라 수고 하셨습니다 ㅎㅎ(광고 시간이 조금 길음) 에헴;;;;"
오우오우싸발적이고, 2,2021-06-12,0,갤21플러슨데 프리미엄 쓰면서 노래틀고 화면을 끄면 노래가 나오다가 멈춤니다;; 이러면 프리미엄을 하는이유가 없는거같은데요
애니메이터-제루, 5,2021-06-09,0,인기있을 가치가 있는 앱입니당! 하지만 영상을 올리면 영상이 복사되서 하나를 삭제하면 다음날 영상이 사라져있는 버그가 있네요
블렉, 1,2021-05-18,4,탐색도 그지같고 그냥 좀 놔두고 사용하게 두세요... 같지도 않은 업데이트 때문에 계속 성질나거든요..ㅡㅡ 돈 쓰면서 불편겪는거 기분 더럽네요..ㅡㅡ
jlsu 1234, 3,2021-05-26,0,좋은노래들도 많고 재미있는영상들도많아서 좋아요 그런데 남을 못까서 환장을 한사람들이 왜이리 많을까요 유튜버분들 자살안하시는게 대단하다고 느껴질정도임니다.
마니무, 1,2021-05-26,0,동영상 화질 선택하는거 업데이트전으로 다시 되돌려주세요 자꾸 높은화질로 선택해도 자동으로 낮아지고 높은화질을 아예 선택할수없게 없애버리고 너무 별로네요
정성용, 5,2021-05-31,0,태블릿에서 가입방의 커뮤니티에 들어가면 pc나 핸드폰 최신버전에만 지원된다고 하는데 태블릿에 설치된 버전도 최신인데 왜 이런건가요....이상함
박경숙, 5,2021-05-31,1,연령과 남 녀 구분 또는 취미등 관심사를구분하여 동영상 컨텐츠를 추천해주는 그런것도 좋을것 같아요. 광고도 마찬 가지구요.~
이우석, 1,2021-05-24,1,"쓸데없는 화질 설정, 거부감이 드는 광고에도 모자라 쇼츠는 내가 어떤 걸 클릭하든 내리면 계속 똑같은 이상한 외국 쇼츠 밖에 안나옴. 심지어 그중에 80% 이상이 틱톡."
노은지, 3,2021-06-03,0,프리미엄 이용하는데 왜 화면 작게 하고 보고 들었다가 다시 크게 해서 보면 댓글들이 안 뜨고 엑스를 눌러도 안닫히죠?사용기록에서 지우고 다시 열어도 그래요 프리미엄이여도 불편하네요...개선 좀 해주셨으면 합니다
퐁삼, 3,2021-05-26,0,구독채널 목록에서 어느 채널에 들어가서 보고 되돌아올때 목록이 그 채널이 있던 위치에 유지되어 있었으면 좋겠어요. 계속 맨 윗 페이지로 올라와있으니까 다시 내려서 찾기가 힘들어요.
강태경, 3,2021-06-02,0,어이를 밥 말아 먹겠네 전체화면해서 확대하고 창 줄이면 와 다시 전체화면이 안되는거죠? 그리고 야한광고 나오면 유튜브레드 안했지 돈 아까워라!!!
PRE PRE, 1,2021-06-08,59,영상 재생중에 자꾸 중간중간 화면이멈추네요 오디오는 계속나오는데 그럴때마다 5초전으로 돌리면 다시 5초전부터 해서 제대로 재생되기는하는데 이런일이 자꾸반복되니불편하네요
야구의 역사는 타이거즈, 4,2021-05-27,1,이거 영상 올리는 유튜버로써 말씀 드립니다. 먼저 영상을 올려서 영상이 올려진 후에도 보관함에 동그라미 화살표가 계속 있어서 불편합니다.
유선주, 4,2021-06-02,0,"지난달부터왜..자꾸유투브실행하면1분이상버퍼링걸릴까요..10만원짜리5G요금제에 노트10+,유투브프리미엄인데..왜매번이러는걸까요.."
Young Il Kim, 1,2021-05-22,2,점유율 사실상 독점이라고 너무 막나가네...광고가 일단 너무 많아졌는데 대놓고 프리미엄 결제 하라고 모는 거 같고...적당히 좀 하세요...그러다가 대체재 나오면 망할 각인데
냠냠쵸린, 4,2021-05-30,1,안녕하세요? 유튜브를 오랬동안 해보았던 유저입니다. 그 제가 구독자가 24명이었는데 버그로 인해 이젠 11명이 되어버렸어요 근데 그 버그가 어떡해 해도 절대 안풀려서 계정을 새로 파야만 했어요 정말 억울하네요 그리고 잘 안나오던 광고가 6~7번정도 계속해서 나오더라구요 닫으면 나오고 계속 반복이 돼요 혹시 업데이트를 하신거라면 제발 없애주세요 어제부터 너무 불편했습니다 영상 한번 볼려면 5개에서 6개나 되는 광고를 봐야해요..
CW L, 1,2021-05-20,1,이번에 생긴 화질설정하는게 되게별로네요... 작게해서 보면서 다른거하는데 하나하나 화질 낮게설정되서 설정하는데 너무 귀찮게 바뀐거 같습니다
조랑말, 1,2021-06-08,1,와이파이 데이터 할 것 없이 앱 자체가 계속 끊겨서 영상을 틀어도 뭔 말하는지 알아들을수도 없게 끊기는데 유튜브 도대체 왜이러나요ㅡㅡ
꼬르륵, 1,2021-06-06,0,요즘들어 렉이 너무 심해요;; 댓글보다가도 갑자기 멈춰서 끊기고 강종하고 다시 켜도 안되고 다른건 다좋는데 렉좀 고쳐주세요 하 진짜 렉 개심하네 유튜브 뮤직도 그렇고
이해라, 2,2021-05-31,1,아니 솔직히 모든 광고를 못넘기고 광고를 보는데 돈을 받는건 그냥 쌩양아치짓이잖아요😡 솔직히 이건 그럼 광고보기 싫으면 유튜브 프리미엄 결제 하던가라는 말이 잖아요 이것때문에 유튜브 망하면 당신들 잘못이니까 당장 고치세요😡😡😡
j의게임세상, 1,2021-05-23,1,이 4가지 없는 알고리즘 내체널을 방해하네? 영상 길이 짧은거 만드니까 조회수 감소를 너무 심하게 먹임 이알고리즘 일부러 그러는거임 내체널을 망하게 하려는건가 별1개 주기도 아깝네 여러분 유튜브 댓글만 다시고 체널 운영하지마세요 알고리즘이 조회수 감소먹일겁니다
Kaya Kim, 1,2021-06-03,0,동영상 연속 재생 설정을 사용하지 않음으로 해두었는데도 어느 순간부터 적용이 되지않더니 자동으로 다음 영상이 재생됩니다
정지우, 1,2021-06-10,0,신고는 상대방을 제재시키는게 아니라 내가 뭐에 기분 나빴는지 글을 쓰고 신고가 완료되었다면서 정신승리하는 기능인지는 유튜브로 처음 알았습니다.
만소리, 4,2021-05-26,1,왜 무선헤드폰이나 이어폰의 일시정지기능을 일부 제한했는지...그거 못쓰니까 답답하네요. 그래서 별 하나 줄였습니다
Locked box, 3,2021-06-06,0,간헐적으로 스크롤을 내리면 다시 올라가는 증상이 있습니다 +어느날 부터 갑자기 댓글창이 안사라지는 버그가 있습니다 21.06.06
초딩루시, 5,2021-05-31,2,"관리자분 다좋은데 이 기능만 생겨주시면 안될까요? 일단1.이상한 유튜버 영상채널 삭제 차단 기능 만들어주세요,2.모바일로 채널아트 색션 해주세요.,3.1000명 아니여도 커뮤니티 해주시면 감사하겠습니다."
김영호, 2,2021-06-12,0,라이브 방송 보다 일반 동영상 보면서 옵션 누르면 팅기는거 언재 고침?라이브 보다 다른거 배속 볼려고 하면 팅겨서 다시 켜야하는거 몇달짼데 고치질 않네
두뇌풀가동!, 1,2021-06-05,0,댓글 스크롤 문제 오류에 동영상 끊김에 ㅋㅋ 갤21로 바꾼지 반 년도 안됐는데 이거 유튜브 문제 아닌가요? 유튜브같은 경쟁사 나와야 정신차릴듯
Wonpyo E, 1,2021-06-08,1,갈수록 쓸모없는 기능만 많아지고 기능 추가에만 급급해서인지 기본적인 버그도 안 잡네요. 광고랑 댓글 팝업 안 내려가는 것 좀 수정하세요
이상윤, 1,2021-05-29,0,화질 설정 패치되고 너무 불편해요 예전패치가 훨 나아요 돌려놔주셨음 해요 수동으로 1080p로 바꿔도 자동으로 720p420p로 바뀌어요 너무 불편해요
hara jang, 1,2021-06-09,0,정기 결제 중지해놨었는데 오늘 결제가 되었어요 그런데 유튜브 앱 들어가서 보니 프리미엄으로 안 바껴있어요 결제는 되고 프리미엄은 아니고환불해주세요
이정의, 2,2021-05-30,1,유튜브앱으로 틀면 소리가 작아요 다시 깔거나 업데이트를 해도 똑같아요 앱말고 크롬이나 네이버등으로 들어가면 소리가정상적으로 나옵니다 ㅠ
제이스, 1,2021-05-26,0,왜인지 모르겠는데 유투브프리미엄을 쓰고있음에도 유투브시작시 로딩이 오래걸리고 그냥 그대로 다운되는경우가 많아요
유무선, 5,2021-05-26,0,동영상으로 무엇이든 정보도 불수 있어 좋아요. 또 재미있는 동영상도 보고 공유도 할수 있어요.그레서 별5을 드려요.
크로마ਗ਼틱๛톡ᕙ, 1,2021-05-22,1,내가 심심할 때 즐길 수 있음 다만 광고를 너무 많이 넣어서 나의 시간에 영향을 끼침 그리고 나이제한 동의하고 나니깐 댓글은 못달고 영상도 못올림 그야말로 쓸모없어짐
나무놀부, 2,2021-06-02,1,선정성 기준이 뭘까요 생리컵 영상같이 유익한 영상들은 짤리고 어떻게든 조회수 한번 벌어보려고 하는 영상들은 신고를 해도 멀쩡하네요 요즘 끊어짐도 계속 심하고 유튜브는 어린아이들도 볼 수 있음에도 광고들이 너무 자극적입니다..
Michael Saint, 4,2021-05-31,1,AI로 뭐 유해 동영상 잘 판별하는데 아직 기술이 고도 안정화가 된거 같지는 않음... 더 발전하길... 4점 줍니다.
백죠, 5,2021-06-05,3,뭐 유튜브는 믿고 보는거지 😆 ... 지만 최근 업데이트로 기본 1080p60으로 설정해도 자꾸 화질이 내려가는데 이것만 좀 개선해주셨으면 좋겠습니다 😄
D D, 2,2021-06-02,0,리뷰한번도남겨본적없는대 썸네일에서 자동재생꺼도 소리없이 재생되는거 정신사나워 죽겠고 폰 2년써서 렉걸리나했더니 새폰바꿔도 영상 몇개보면 중간에 버퍼링돌아감ㅡㅡ
정인수의 게임일기, 3,2021-05-31,0,제발 데이터 많이써도 좋으니까 걍 해상도 고정기능좀 만들어줘라 요즘세상에 1080p가 아닌 핸드폰이나 모니터가 어디있다고 매번 720p로 고정되는지 모르겠네 제발 해상도 고정좀
c um, 3,2021-05-26,0,영상을 재생하면 밑으로 드렉이 안되고 자꾸 버그걸린거처럼 왓다갔다 합니다. 덤으로 모바일로 할경우요.
키득까르르, 1,2021-06-10,1,실시간 댓글보기는 왜 나오는건지ㅡㅡ 자막가려요 생각이 있는건지 없는건지 미리 테스트 안하나???? 가리는지 안가리는지 죠낸 불편함 빨리 없애요
김용욱, 1,2021-06-11,1,이 시대를 살아가는 모든 이들과 어린이부터 노인들에게도 관심 가지고 징말 좋고 유익한 우리들이 필요 했던 좋은 Contents들도 더불어 같이 성장하고 많은 유튜버들이 열성과 노력으로 참지식도 전해주고 해서 항상 매우 즐겁게 시청 합니다. 코로나 19 시대 YouTube가 있어 무료한 일상에 있어 너무 좋은 취미로 YouTube와 함께 살아간다는것과 좋은 정보를 제공 하고 공유 서로에게 공유하는것이 보기 좋습니다. 유튜브 항상 사랑해요~
김지은, 1,2021-05-31,2,이 사람들아 유료화 왜 하냐고 안 그래도 광고 많은데 욕 나오게 하지말고 제발 원래대로 하라고 별 한개도 아까워 이 사람들아 코로나로 가뜩이나 힘든데 하 .. 열불나게 만드네 제발 유튜브 제대로 일해요
민지, 1,2021-06-06,2,"광고가 너무 많이 뜨고 시간도 긴게 여러번 떠서 불편하네요 조금만 적게 넣으시던가.. 너무 많이 떠서 스트레스 받아요, 그리고 들어갈 때마다 유튜브 프리미엄 광고 뜨는것 좀 줄여주세요.."
관짝지찬, 1,2021-06-05,1,아니 요즘일안하나요? 화질조정설정도 더귀찮게바뀌고 화질 자동으로 떨어져서 수동으로 조정해야하고 운영왜이렇게합니까?고쳐주세요 불편합니다
투투, 1,2021-05-22,0,광고 싫어요. ㅋㅋ 너무 많아. 돈 내고 프리미엄 쓰라고요? ㅋㅋ 가진 자들이 너무 한다.ㅠㅠ
- Xinder -, 5,2021-05-21,0,알고리즘이 대단하고요 그리고 영상 몇개 안올렸는데 구독자가 빨리 늘어요! 유튜브는 알고리즘이 짱이라고 생각합미당
오하영, 1,2021-05-31,0,이번 화질패치 정말 최악. 영상도 끊겨서 보임. 영상은 안움직이고 소리만 나는 버그는 도데체 왜 생기는 건가요
김마에, 5,2021-05-26,0,화질선택하는거 1080으로 보려면 옛날에는 바로 떴는데 지금은 선택하는 단계가 너무 많아요.. 수정좀 해주세요
신혜주, 1,2021-06-11,1,댓글창 하얗게되고 x눌러도 안내려가는 버그좀 고쳐주세요 앱 껏다켜야 되잖아요; 왜자꾸 시키지도 않은짓을 해서 버그를 생성하는지;
yong suk CHOI, 1,2021-05-27,1,시작화면 변경 가능하게 해주세요 더 이상 영상 플랫폼이 아니라 정신없는 sns로 전락해 버렸네요 요새 정말 정신사나와서 짜증납니다
내 마음, 2,2021-05-30,0,"광고가 그.. 영상볼때, 땡길때 계속 똑같은 광고가..;; 끝나면 다른광고나오고.. 지금 똑같은 광고를 4번을 봤어요..;;"
이종환, 2,2021-05-23,0,한국 광고가 좀 많이 나와 가지고 조금 불편하긴 해요 근데 그렇게 불편하지 않아요 그리고 업데이트를 해야 된다고 하는데 그게 왠지 모르게 가지고 그래서 업데이트 하는데 시간을 잡아먹어 쪼금만 더 노력해 주세요 조금 업데이트를 왜 해야 하는지 누가 좀 알려 주면 좋을 거 같아 근데 어차피 하는 법 알아 더 좋을 거 같아요 근데 어차피 알아 가지고 근데 좀 수정을 해 주세요 전 이런 것 조금 그래 가지고
오렌지, 4,2021-05-25,1,"보기 싫은 영상이나, 유해한 영상, 광고가 최근 늘어나고 있는 점과 내 시간을 뺏어버리는 점에서 4별"
공부하는라이언, 4,2021-06-09,0,엄청 좋은앱입니다 가끔 프로필 사진변경이 빨리 안됩니다 그리고 채널 정지가 잘 먹히는건지 모르겠네요 그래도 잘 사용하고 있습니다:)☺
도토리묵, 1,2021-05-31,1,안드로이드 One UI 3.1 업뎃 하기 전에는 오류없이 잘 됐는데 업뎃하고나서 팝업형태로 동영상 재생하면 100%렉 걸려요 빨리좀 고쳐주세요 글고요즘 렉 오지게걸려요 스크롤만 해도 렉 오짐
Seoul Kim, 1,2021-05-30,0,화질 설정에서 바꿔도 좀지나면 다시 자동으로 바뀌는데 어떻게 좀 고치세요 화질설정을 고정할수 없어서 너무 불편합니다
성이름, 4,2021-05-23,1,유튜브 프리미엄 쓰는데 서버 터질때마다 아무 보상 없는거 좀 에바라고 생각함 환불을 해주던가 사용시간 차감을 시켜주던가
김용, 1,2021-06-05,1,쓰면쓸수록 개같다는 생각밖에 안드는게 뭔 프리미엄결제해서 쓰고있는데 영상이랑 댓글을 같이보는데도 렉이 그렇게 걸려대는지 갤21울트라가 아직까지 하자있는 기종은 아닐텐데..
안단티나, 3,2021-05-26,0,광고 환경이 좋지 않습니다. 가끔씩 부적절한 광고가 나와요 (선정성이 대부분)
ᄌᄉ, 1,2021-06-01,0,요새 광고 진짜로 심해졌네 광고야 당연히 있어야 되는건데 선을 넘었다 진짜 5분에 한번씩 무한으로 광고가 떠서 볼수가없네
김순기, 1,2021-06-03,0,이거 화질문제도 있고 버그도 있음 하다가 갑자기 소리가 안나옴 ㅋㅋ 스트리밍하는데는 많은데 녹화해서 올리는데가 없으니까 막나가는식임
공륭이, 5,2021-05-31,1,영상올렸을때 화질넘 구려요.. 글고 영상조회수가 오류인건지는모르지만 너무 실시간으로 계속 쭉올라가서..
키범이는귀엽습니다아, 4,2021-06-01,1,다 좋고 자신이 보는 주제를 올려주어서 좋습니다. 하지만 광고가 너무 많이 나와서 별 4개 입니다!
블루베리, 1,2021-05-26,1,화질이 너무 쓰레기 처럼 나와요 영산 볼때마다 화질 수정해야하니 너무 귀찮아요 업데이트를 사람들 편하게 해주기 위한게 아니라 불편하게 만드려고 업데이트를 하는건가요?
그림그리는감수성, 4,2021-05-22,2,이건 제가 좋지않은 습관이기도 한데요 채널명을 바꾸는것을 제한 하는건 어때요?1개월.3개월등으로요 일주일에도 너무 자주 바꿔서요.초보 유튜브는 제한을 완하해주고 그런건 어떨까요?
박초희, 5,2021-06-06,0,완전 좋아요 TV에서 늦어서 못보는게 많은데 유튜브에서는 많이볼수 있어요제마으은5555000000000000000이에요 유튜브사랑해요~~~~
디펜뚜맞음, 1,2021-06-05,0,제가 유튭을 들어갔는데 갑자기 로그인을 해라뜨고 유튭이 안되더라구요.. 이것좀 고쳐주세요 게속 유튭 못보고 있습니다
신민경, 1,2021-06-02,0,pip모드 왜이러나요? 왜 안움찍이죠 화면으? 오른쪽 밑 가생이에서 움직이지가 않잖아 업데이트이후로 고쳐노으라고 빡치네
악령찬수, 2,2021-05-27,0,유튭관계자한테 죄송하지만 약간의 잘못이있어서 별점2개를줬습니다제가별점2개를준이유 (해외)포함저작권자의 허락을맡았는데도불굴하고 계정정지를하고있다는 제보가 특히 해외애니 그리고 19금설정을했는데도정지를 게다가 문의및 풀어달라고 요청을했는데도 안들어준다는 제보가있어서 특히 asmr영상 제가그분들의유튭관계자님이 제가 부탁을받을줄로만알고있지만 전혀부탁을안받았고 제개인적인생각및 asmr 및 해외애니구독자들을 다알고있어요 그조항을바꾸꺼나 아니면 확인이라도해주세요 아맞다 1가지를 빼먹을뻔했네요 저작권자도 아닌데 저작권자행세를 하고있다는 제보가있던대여 그것도 엄격하게 확인을 해주세요 음악유튜버&애니유튜버들을 저작권자들의 허락을받고 올리거든요 그것도 감안해주세요
mini minions, 1,2021-06-04,0,요즘 랙이 너무 심해요 미친 듯이 끊기다가 한 번 지 혼자 강제 종료하고 나면 멀쩡하게 돌아오는데 시간 좀 지나면 또 랙 엄청 나요ㅠ 왜 이러는겨
Loven로벤, 4,2021-05-22,1,재미는 있는데.. 채널별 카테고리 정리가 잘 될 수 있도록 인터페이스를 개편하면 좋겠습니다ㅎㅎ
나뜌루루, 1,2021-05-26,0,광고 하도 싫어요 표시하니까 재생바에 노란색 광고표시가 없어지고 광고가 틀어짐 일부러 못하게 숨긴건가요 광고 좀 안나오게 해주면안되나요오~ 별 0개는 왜 안댐 하나도 아깝다
K골프, 1,2021-05-22,0,더 이상 못참겠습니다..진짜 점점 화질 이상하게 만들지 말고 광고도 작작 내라 사람들 지금 얼마나 불쾌하는지 알고있냐?
곽신욱, 1,2021-05-26,0,프리미엄을 사용중임에도 불구하고 각 유튜버들이 유료광고를 영상에 넣어 광고를 보게 만듦 부디 제발 광고좀 안보게 해주십쇼
김아무개, 1,2021-06-08,1,광고 1개 였는데 2개로 늘려서 최소 5초 더 늘어남 심지어 광고 건너뛰기 못하는것중에 13초 인것도 봄 ×× 무튼 그것 둘째치고 유튜브 프리미엄 한국 ××비쌈 ㅅㄱ
이창기, 2,2021-06-10,1,다 좋은데 갑자기 소리가 안들려요 제발 알려주세요 알려주시면 별 5개도 가능합니다 크롬으로 유튜브를 봐야지 소리가 나와요 제발요
ᄋᄂ, 1,2021-05-30,1,아니 업데이트는 왜 한거야 더 안좋아졌네 업데이트는 바라지도 않으니까 걍 가만히 있자 짧은 동영상? 그런 것도 더 불편함 어처피 중국 어플인데 걍 있어
샤르메인 강솔, 2,2021-06-05,43,알림도 잘 안울리고 진짜 짜증나요;; 부계로 본계 구독하면 왜 구독자가 안올라요??! 예전엔 잘 됐는데 그리고 신고서비스 좀 잘해주세요 제발..
게임의 초 행복이 TV 체널, 1,2021-05-24,0,완전 재미가 없네요. 이. 유튜브. 재미도. 없고. 유튜브에. 저계정을 로고인. 했는데. 개속. 안됨. 여러분. 이 앱. 깔지마세요.
김나율, 5,2021-05-26,0,"보기좋은 영상,유튜버,먹방,춤,아이돌 등 좋아하는 연애인이 이 유튜브에 다있어서 좋아요! 별5개 아낌없이 줌니다♡"
야나두, 1,2021-06-08,3,"광고 너무많음,광고때매 렉걸림, 광고 씹고화질인데 왜 본영상은 저화질로 재생되는지? 광고때매 댓글창도 렉먹고 광고로딩한다고 어플 먹통됨 노트20울트라임"
chrocch s, 1,2021-06-10,1,업뎃하면 할수록 별로네요 연속재생으로 노래틀어놓으면 몇분있다가 꺼져요 그리고 광고도 넘많아서 영상보는데 거슬려요
김도현, 5,2021-05-26,1,안녕하세요 유튜브를 좋아해서 유튜버가 꿈인 시청자라고합니다 유튜브덕분에 많이 도움이됩니다 유튜브가 너무재밌어서 5점 드립니다^^
H TT, 4,2021-05-29,0,다 좋은데 내 화면 tv에 띄우는거 누르면 구글플레이 서비스 업데이트 하라고 뜨는데 누르면 스토어 로딩창만 뜨고 업데이트 안되서 사용 못하고 있는데 으떻게 하나요
백서정, 1,2021-06-04,0,유튜브 광고도 너무 많고 부적절한 광고도 많아서 보기 불편해요 그리고 예전 버전 으로 다시 돌려주세요
띵동!, 1,2021-06-01,0,저번주 업데이트 후에 댓글 삭제할때 취소버튼은 잘 보이는데 삭제 버튼은 안보입니다 다크모드로 해보면 희미하게 보이고요 이거 도대체 잔 버그가 왜이리 많아요
Nim Night., 4,2021-06-11,1,최근 들어서 소형플레이어로 멋대로 바뀌는 버그가 생기고 있습니다. 빠른 조치 부탁드립니다.
T time, 4,2021-05-27,1,광고만 좀 줄이면 좋을것 같아요. 이 이상 광고가 늘면 경쟁 플렛폼 시청 비율을 늘릴 예정입니다.
S 2, 5,2021-05-26,0,말할 것도 없죠~ 무료로 이용할 수 있는 좋은 정보가 많습니다. 그러나 무의식적으로 보지 않도록 주의해야 합니다.
젤덕, 2,2021-06-11,1,고치면좋을점 1.화질조정 2.short영상 타이머없이 원래로보는법 3.아무영상에나 19금이나 노딱걸지말기 4.야한광고 제발 넣지말기
한유정, 1,2021-06-03,0,아니 프리미엄 사용중인데 홈버튼만누르면 검은 화면으로 바뀌고 재생안돼요 삼월부터 안된다고했는데 도대체 언제 수정되나요
니노팝, 4,2021-05-27,3,"프리미엄 붙여서 쓰는 걸 고려해야하는 이유에 시비걸지나 말았으면 지겨움.ㅋ. 대체 뭐 얼마나 달라야, 스스로랑 다른 건 시비고 '그런' 건 시비가 아님. 하.. 그냥 전부 불만가지면 되잖아...불만을 가지면 표현해야한다는 그 생각이 좀. 생이한테 거슬리잖아. 모든 ☆생이한테 미안하긴 한데 솔직히 너넨 미쳤다. 그렇겐 리뷰가 안돼."
