USER,DATE,STAR,LIKE,TITLE,REVIEW
지존풍운,2021-07-12 22:13:16-07:00,5,0,유튜브짱,유튜브 없으면 안될정도로 넘 좋아요
잘된다 ㅎ,2021-07-12 22:11:16-07:00,5,0,섹션추가,섹션추가를 하려고 채널에 이름을 쳤는데 원하는사람은 안나오고 딴분들만 나오고..유튜브가 업데이트하기전에는 링크도 가능해서 좋았는데 전처럼 바꿔주심 안될까요?ㅠㅠ
으뇽이님ㅋㅋㅋ,2021-07-12 21:03:56-07:00,1,0,백그라운드로 틀어놓으면,"무조건 꺼져요 며칠전부터 오류인지 몇초있다가 계속 꺼져요
업데이트해도 소용없어요 
오류 빨리 잡아주세요"
스스스스스스스스스,2021-07-12 19:06:21-07:00,4,0,탐색,탐색이랑 shorts랑 위치 바꿔주시면 안되나요 탐색위치가 바뀌니까 불편하네요
정목이,2021-07-12 18:57:07-07:00,5,0,감상한 동영상,감상한동영상을 없에주세요
vjwpdhcia1442,2021-07-12 18:22:01-07:00,1,0,유튜브 업데이트하고나서,유튜브 프리미엄인데 자꾸 백그라운드 재생이 끊기네요 짜증나요
ddongjjur,2021-07-12 10:54:10-07:00,4,0,다크모드로 할 시 동영상 새로고침 오류가 발생합니다.,"다크모드로 새로고침을 할 시, 가장 위에 있는 영상은 그대로이며 새로운 영상이 뜨지 않습니다. 이뿐 아니라 새로고침을 한 후 영상이 3개 혹은 4개만 나옵니다. 버그 수정 부탁드립니다."
rla2947,2021-07-12 03:16:59-07:00,1,0,프리미엄 한 이유중 제일 큰게 없어짐,광고도 광고인대 화면을 보지않고 소리만 들으려고 프리미엄한건데 유튜브 나가면 화면이 축소되고 ; 전원버튼 눌러서 화면을 끄면 영상도 같이 멈춰요 전 프리미엄인데 ;;;;; ㅠㅠ 화면축소 없애주시고 원래대로 해줘요
노란탱,2021-07-12 03:06:37-07:00,3,0,화면이 안 나와요,"아이폰 11 사용중인 유저입니다 요즘 자꾸 영상을 보다가 갑자기 소리만 나오고 영상화면은 검정색으로 보이지 않아요 앱을 아예 중단했다가 다시 켜야해요;; 초반에는 가끔이어서 그런가보다 했는데 요즘 빈도가 높아지니까 점점 짜증이 나네요 리뷰들을 보니까 저만 그런게 아닌 것 같은데 언제쯤 개선이 될 지,,, 많은 사람들이 사용하는 플랫폼인만큼 빠른 수정과 지속적인 관리 부탁드립니다.."
좆느 대충만든듯,2021-07-12 01:28:16-07:00,1,0,안들거가됴,ㅅㅂ뇬아 안드롱갇죠
dmswls09876,2021-07-12 00:55:34-07:00,1,0,pip 끄는 설정 어디에 있어요ㅠㅠㅠㅠㅠㅠ,소리만 듣고 싶은데 다른 화면 가면 영상 나오고 계속 끊기고 너무 불편해요 진짜
유튜브 미쳤냐,2021-07-11 23:56:41-07:00,5,0,진짜 미쳤나;;,"아니 제가 원래 이런 리뷰 작성 안하는데 너무 어이가 없어서 씁니다. 애초에
프리미엄 쓰는 이유가 핸드폰 꺼도 영상계속 틀어져있게 해서 편하게 듣고 볼 수 있도록 하는 거 아니였나요? 업데이트 된 이후에 화면이 조그맣게 뜨질않나, 화면 끄면 영상도 같이 꺼지질 않나.. 아럴거면  그 비싼 돈 내고 프리미엄 왜 삽니까? 반차 쓰든지 말던지 안 궁금하고 빨리 이거나 되돌려놓으세요;; 안 그러년 고객센터 테러합니다 좋은 말 할때 되돌리세요"
콩쿠류레이션,2021-07-11 22:29:54-07:00,2,0,광고,"광고가 왜 가면 갈 수록 느나요;;유투브 이용하기
싫어집니다 줄여주세요"
와사비맛개구리,2021-07-11 20:47:02-07:00,1,0,불편함,쇼츠때문에 알고리즘 씹창나고 재밌는 영상도 안뜨고 화질은 불편해지기만 하고
은덴 꺼,2021-07-11 20:06:50-07:00,5,0,구독자입니다.,"항상 반차 쑤시고, 카페인 드시면서
유튜브를 위해 헌신하면서 열일을 해주셔서
제가 별을 드리겟습니다. ⭐️⭐️⭐️⭐️⭐️이제 천하무적 되셧어요. 아프지말고 건강하세요🙏🙏"
qkswogus,2021-07-11 19:22:44-07:00,3,0,ㅇ,광고가 너무 많아요
데브병ㅅㅣㄴ,2021-07-11 19:06:34-07:00,1,0,검은화면,유튜브 보다가 계속 검은화면이 뜨네요 매일이러니 진짜 짜증나네요
호응다,2021-07-11 18:57:26-07:00,1,0,쇼트 없애고 인기동영상 다시 내노으세요,업데이트 또 떳길래 인급동 살려냈나 싶어서 후다닥 업뎃해보니 여전히 그지같은 쇼츠가 있네요 하;;;; 개 싫다 진짜 이럴줄알았음 평생 업뎃 안하고썼지…
참깨버실❤️,2021-07-11 18:52:31-07:00,5,0,사랑해,난 이것을 활용하고 구독자가 31명이 됐다
행복한 나 ><,2021-07-11 18:28:33-07:00,5,0,넘넘 최고 !!!!!!,완벽 그 자체
순중,2021-07-11 13:05:52-07:00,4,0,디테일한테 백과 사전 해설,우리가 살고 있는 정치 경제 사회 과학 등등 모든 분야의 현상에 대해서 유익한 정보를 제공해 주는 현대인에게 없어서는 안될 필수 엡으로서의 가치를 지녔다고 생각됨.
보기기,2021-07-11 10:10:27-07:00,4,0,전체화면,전체화면 새로-모드도 지원해주세요. 전체화면했을때 맨날 핸드폰 돌리기 싫...
리신의정무문,2021-07-11 07:18:30-07:00,5,0,유튜브시대,요즘은 티비보다 유투브를 더 자주 많이 보게됩니다!
갖겜만 리뷰다는 사람,2021-07-11 06:01:04-07:00,5,0,역시,역시새계인 들의 앱 유.튜.브.!
똔규＊,2021-07-11 04:59:08-07:00,1,0,검색창버그좀;,"검색창 버그좀 고쳐주세요
검색하고 추천목록 볼라면 한칸만 나오게끔 변하더니 그중에 하나 클릭 안하면 뒤로도 못가고 검색한거 지우지도 못하고; 벌서 한참전부터 이러던데 왜 안고처지는거죠?"
minjilong,2021-07-11 04:51:13-07:00,5,0,정말 좋아요!,유투브는 정말 잘 만든 것 같아요!
고오급기린,2021-07-11 03:56:54-07:00,2,0,최적화 그렇게 어렵나,"무슨 카페인 충전 오후 반차를 썼다는둥 하등 웃기지도 않고 그마저 썼던거 재탕할까면 왜 그런 말을 써 놓는거야 억지로 유쾌해 보일려고 하는게 구역질난다 진짜 그런 유머 같은건 좀 잘하고 하자 무슨 업데이트 할때마다 창의적으로 버그가 늘어..
광고도 요즘 선넘은거 많이 나오는데 볼때마다 진짜 에휴..중국 겜광고좀 어떻게해봐 제발"
유툽개선좀,2021-07-11 03:08:44-07:00,1,0,화면이 갑자기 검은 화면으로 바뀌어요,"진짜 영상 잘 보다가 갑자기 검은 화면으로 바껴서
나갔다가 다시 들어오고 반복해야돼요
개선 좀 해주세요"
bố rocoboop,2021-07-11 01:36:31-07:00,1,0,Quảng cáo cái lồn bằng cái nhiều à,Đag xem xuôt ngày quảng cáo
뽀예미미미미,2021-07-11 00:57:01-07:00,2,0,오류 개선,"요새 유튜브시청중에 소리는 나오는데 영상이 안나오고 검정화면으로 노출되네요
일주일에 한두번씩은 꼭 그러는거 같아요ㅠㅠ"
indigoisJjokBbit,2021-07-10 22:58:32-07:00,5,0,YouTube,ALWAYS GOOD APP.
수하해,2021-07-10 20:36:04-07:00,1,0,아니 요번 업데이트에 백그라운드에 영상처올리는거 누구대갈에서 나온거냐??,십 진지하게 프리미엄 끊을가 고민중이다 프리미엄 나온지 3년이상인데 3년동안잘쓰다가 욕나오네 정말 이거 어떻게 전버전처럼 돌리냐?
꽃을 문 냥이,2021-07-10 19:55:58-07:00,5,0,유튜브 없으면 못 살음,유튜브 없인 못 살아요… 근데 중독이 되버려서 절제를 해야 되는데…..어뚜케ㅠㅜㅠㅜ
민주햄찌,2021-07-10 17:30:03-07:00,4,0,광고좀 적당히,광고쟁이들
정꽃신웅,2021-07-10 15:47:07-07:00,1,0,광고 시간 점점 길어지네 ㅋㅋㅋ,이젠 영상하나보려면 30초를 기다려야하냐?ㅋㅋㅋㅋㅋ
익명으로 처리 부탁해요,2021-07-10 10:10:51-07:00,4,0,버퍼링,요즘들어서 버퍼링이 많이걸려요!하지만 화질은 좋네요ㅎㅎ
selena.kim,2021-07-10 09:11:22-07:00,5,0,잘 쓰고 있어요!,"자동으로 비슷한 장르 틀어주는 것도 좋고 
UI도 깔끔합니다 
가사 지원만 되면 더 좋을 듯 해요"
아무말이나,2021-07-10 06:31:01-07:00,5,0,short를 왜 밑에다가,하는 지 넘 불편함...
제발 고쳐,2021-07-10 06:29:10-07:00,1,0,아니 ... 원상태로 돌려주세요 진짜로 어으!!!,저기요 유투브씨 반차쓴거 하나도 안궁금하고요 제대로 일하세요 제발.... 유투브 프리미엄을 쓰는데 영상을 보다가 홈화면으로 잠깐 가도 동영상은 계속 재생 됬고 화면을 꺼도 재생이 됬는데 갑자기 말도 안되는 업데이트를 한거같아요... 진짜로!!! Pip 되는건 좋은데 이제 거기서 화면끄면 재생이 안되자나요!!!! 개빡치네!!! 동영상 멈치는거 머에요  저 프리미엄인데 개빡치네요 제대로 해주세요 제발!!! 어으..
누나어대어야더ㅑ러재너옺,2021-07-10 05:42:24-07:00,3,0,동영상 시청 중 화면 꺼짐,동영상을 잘 보다가 화면이 검정색으로 변화고 소리만 나오거나 화면과 소리 모두 안 나오는게 자주 일어나는데 유튜브 자체의 오류인가요
악노움,2021-07-10 05:42:23-07:00,5,0,너무 편해요,"검색만 하면 나오고
맞춤법 안지키면 고쳐주고"
ㅅㅂㄱㅉㅈㄴㄴㅇㄱㅂㅇㅈㄱㅌㅁㄷㅇ,2021-07-10 04:55:41-07:00,5,0,썸네일 기능,관리자님 혹시 영상 올리기 전에 썸넬 적용 기능 가능할까요
Moongibae,2021-07-10 04:54:05-07:00,4,0,다 좋은데…,다 좋은데 아이패드 미니5에서 커뮤니티 못 보는거 ㄹㅇ 불편함
도와줒ㅉ세오ㅠㅠㅠㅜㅜ,2021-07-10 03:38:10-07:00,5,0,아이폰 다운이안됨,왜 다운을 지웠다 다시 하려고 하는데 구름 표시만 뜨면서 다운이 안됩니다 어떻게ㅜ해야 할까요 ㅠㅠ?
ㅇ ㅑ,2021-07-10 03:20:14-07:00,3,0,유투브 쇼트 베타버젼 뭐야,"인기동영상 뜨는 자리에 왜자꾸 쇼트 뜨냐고 아 지금
몇번째 지웠다까는거야"
너잏,2021-07-10 02:21:02-07:00,1,0,프리미엄 쓰고있는데,원래 유튜브 영상틀고 다른 앱들어가면 소리만나고 유튜브 화면 사라지던데 어느순간부터 갑자기 영상이 사라지지 않고 작은 화면으로 축소되는건 왜그러는거에요? 음악만 들으면서 인스타나 페북하고싶은데 유튜브 화면때문에 개불편해요 이게 뭐에요 프리미엄 쓰는 이유가 사라졌잖아요
广告短一点就好了광고가돔짧았으면좋은데,2021-07-10 01:36:32-07:00,1,0,광고깸에너무스트레스받아진심욕나와,광고깸에너무스트레스받아진심욕나와
맛있는코코넛,2021-07-10 00:52:31-07:00,1,0,왜 패드로 앱을 실행하면 설정창이 안 보이나요,설정 누르면 계정 변경 메뉴만 뜨고 다른 설정창이 안 뜹니다... 왜 이러는건가요 진짜
싸우자는 거냐고~!,2021-07-10 00:21:26-07:00,1,0,아염병,자꾸 중간에 검은화면 뜨길래 업데이트 했는데 개선은 안 되고 장난하나 진짜 한두 번이어야지 옘병 누구 놀리냐?
화순댁,2021-07-09 22:54:13-07:00,5,0,정보통,유튜브가 있어서 모르는게 없어 정말 감사한앱입니다
네비보다좋은,2021-07-09 20:47:24-07:00,5,0,4일전 업데이트,PIP지원 아이패드도 될까...?
ㅓ어니믈제듕눟ㄴㄱㅊ자,2021-07-09 19:45:54-07:00,3,0,아니 패치하면 어떻해요..;,아니..썸내일 바꾸는걸 패치하면 어떻해해요..
sunnyhoney1997,2021-07-09 19:28:21-07:00,5,0,유튜브 댓글 기능,"유튜브 댓글 중에서 가끔 가다가 외국인 댓글만 보일때가 있는데요, 설정 같은걸 추가해서 나라별로 댓글을 찾을수 있게 하면 좋을 것 같아요❕
또,. 광고 중에서 *톡,중국광고 이런게 나오는데 좀.. ㅂㄹ"
Xx.was1,2021-07-09 19:14:58-07:00,5,0,무슨 버그를 수정했다는건지;; 😡,화면 블랙아웃현상좀 제발 고쳐주세요 ;; 영상 재밌게 보고있는데 한 10초 뒤쯤에 짜구 화면이 검은색으로 되요 ;;
아ㅇㄹㅎ,2021-07-09 18:22:49-07:00,5,0,pip 배속 버벅임,"pip기능 잘 쓰고 있는데요
아이폰 프로 12 맥스 기준
배속을 놓고 pip를 쓸 경우
자꾸 영상이 멈추는 버그가 발생합니다
확인 부탁드려요 :-)"
다함께 행복,2021-07-09 17:57:57-07:00,4,0,프리미엄 구독료가 너무 비싸요.,프리미엄 구독료를 좀더 낮추면 매출과 이익이 분명 혁신될겁니다. 현재 구독료 정책은 가격 허들을 넘지 못하고 있어요.
놀랜놀래미,2021-07-09 06:59:53-07:00,1,0,광고 화질설정,"이전 버젼이 더 직관적이고 좋은데 왜 클릭을 여러번 하게 하는건지 이해가 안갑니다
그리고 광고 나올때 왜 댓글 못보게 막음?"
진짜짐승,2021-07-09 06:27:22-07:00,3,0,4점드릴리뷰,"제가 원래 5점을 드릴려 했거등여ㅠㅠ 근대 3점을 드린이유는 코낰 같이 애니 리뷰나 클립을 업로드 하는 유튜버 분을 마음대로 추방? 계정을 못쓰고 업로드를 못하게 하셔서입니다.........제발!! 마음대로 추방,계정정지등을 하지 않으시면 좋겠네요....... 다들 힘내세요!!!!"
그냥11그냥22,2021-07-09 05:53:17-07:00,1,0,광고가 많으면 프리미엄 가입해라,조센징들아 ㅉㅉ
출근부 어플 다시 만드셈,2021-07-09 05:50:22-07:00,2,0,유튜브 뭐냐?,이젠 광고 3개도 넣냐? 진짜 미친 거 아님? 적당히 하셈 ;;
개같아말걸지마(얼땡닉),2021-07-09 03:16:07-07:00,5,0,광고가 좀,좋은데 광고좀 이상한거 안넣었음 좋겠어요
ㅓ어오ㅗ쳐쳐쳐챠ㅑ쳐챨,2021-07-09 00:56:08-07:00,5,0,나도,반차쓸래
응닌,2021-07-08 23:23:14-07:00,3,0,싫어요 다시 보이게 해 주세여,궁금해여
띤ㅋㅋ,2021-07-08 22:35:10-07:00,1,0,아이패드 프로5세대 로그인이 안되요,"로그인을 하고싶은데 로그인을 아무리 눌러도 무반응이네요?
다른 창에서는 되나 했는데도 안되요 ㅠㅠㅠㅠㅠ"
쁱,2021-07-08 19:31:21-07:00,1,0,뭐야!!,아이폰유전데 업데이트 후 영상 중간쯤에서 화면이 까맣게 아무것도 안나오는데 음성은 나오는 이 거지같은 상황은 뭔가요!?!? 도대체 업데이트는 왜 하는건가요!? 더 좋아질려고 하는거 아닌가!?!? 왜 빡치는 상황을 애써 만드는거지!?!? 업데이트하기전에 테스트는 안하는건가!?!? 버그를 해결한다고 써놓고 버그를 심으면 어쩌자는건가요!?!?!?
yureutae_jin,2021-07-08 19:16:54-07:00,2,0,닥치고 빨리 pip내놔,"아니 넷플릭스도 해주는 걸 뭐 특별하다고 안해줌??? 유튜브 프리미엄 사용자에 한해서라고 풀어줘라 ㅅㅂ롬들아
이미 랜덤으로 실험하고 있잖아 걍 쿨하게 풀어라
아니 커뮤니티에 된다는 사람들 있어서 봤드만 랜덤이네 ;;"
우지푸이제포앱,2021-07-08 15:31:59-07:00,5,0,우튜브 커뮤니티,아이패드도 커뮤니티기능을 쓸 수 있게 해주세요
ㅅㅇㄴㅍㅍ,2021-07-08 12:05:01-07:00,5,0,21세기 글로벌 동영상 플랫폼 NO1,무료로좀 하지
ㅁㄴㅇㄹㅋㅊㅇㅁㅇ,2021-07-08 10:35:36-07:00,4,0,댓글 정렬순,추천순으로 정렬할 때 영어댓글이 한국어 댓글보다 좋아요 수가 적어도 위로 올라오던데 이 시스템 고쳐지면 좋겠습니다. 혹은 댓글 정렬순에 ‘좋아요순으로 정렬’이라는 항목을 하나 더 추가하던지요
흫헤헤,2021-07-08 10:21:14-07:00,5,0,좋아용,좋아용
라라로러라로러ㅏ,2021-07-08 06:03:00-07:00,1,0,버그 언제 고쳐주시나요,아이패드로 눕혀서 보면 댓글을 아예 못보고 폰도 그렇고 중간에 검정화면 떠요
유튜브..,2021-07-08 03:33:15-07:00,4,0,광고가 너무 많아요,제곧내
미장샌,2021-07-08 03:13:00-07:00,1,0,ㅋㅋㅋㅋ 너 반차쓴거 안궁금해요,업데이트 사항이 뭔 님 상사 보고임ㅋㅋㅋ 반차쓴거를 왜 업데이트 개선 사항에쓰냐고욬ㅋ
check•check,2021-07-08 01:43:37-07:00,5,0,하니의 브이로그,유투브는 너무 재미있어요
gogy15529,2021-07-08 00:04:19-07:00,1,0,광고,야 미친놈아 굉고를 수익장출 없는 영상에도 넣냐?
아이콘열중쉬어,2021-07-07 23:38:53-07:00,5,0,YG아티스트,빅뱅 위너 아이콘 블핑 트레저 채널이 너무 좋음
긍정공룡,2021-07-07 21:25:04-07:00,5,0,광고,"비판적인 리뷰에 광고 없애달라는 리뷰가 있어서 글 남깁니다.유튜브에서 광고를 띄워서 돈을 벌고 그걸로 유튜버들에게 돈을 주는거기 때문에 광고를 없애는건 유튜브가 없어지는 겁니다.유튜브 정말좋고 매일 보고 있고요,유튜브 잘 하고 있으니까 광고로 뭐라고 하지 맙시다."
으악탁,2021-07-07 21:08:11-07:00,5,0,제목없음,아훌렐레  빼빼  재재좀하지마라
태경이 귀요미,2021-07-07 16:35:03-07:00,3,0,다 좋은데 광고가 너무 많아요,"유튜브 프리미엄 안쓰면 광고가 진짜 너무 많아요 
하나면 괜찮은데 요즘 광고가 2개씩 나오고 중간에도 나오고 광고가 진짜 너무 많아서 진짜 개빡쳐요"
뭔 별명을 지엌ㅎㅋㅎㅋㅋㅁㅊ,2021-07-07 16:26:56-07:00,5,0,유튜브 꿀잼,고맙습니다
mi__ra,2021-07-07 15:45:38-07:00,5,0,신세계!!,살면서 몰랐더라면 아쉬웠을 수많은 콘텐츠에 감사^^ 이런 플랫폼이라니!!
가우너규류오어,2021-07-07 08:29:01-07:00,5,0,전 세계 최고의 어플리케이션,유튜브!!!
리저소,2021-07-07 07:59:57-07:00,3,0,쏘쏘,광고가 너무 많음
ㅏ가나나나,2021-07-07 07:57:45-07:00,5,1,제발 이상한 광고 막아주세요,이상한 광고 있잖아요. 막 아무 말이나 씨부리거나 ㅈ같은 퀄리티로 만든 광고 좀 막아주세요..
준 아빠,2021-07-07 07:51:32-07:00,5,0,집에서 심심할 땐,집에 티비가 없는데 유투브대신 보니까 티비 없는거 하나도 안느껴져요 정말 편하고 좋아요 어디가든 가지고 다니면 보고 정말 재밌어요
느어느어,2021-07-07 07:02:46-07:00,3,0,요즘 유튜브를 보는데 영상 도중에 검은 화면으로 바뀝니다,소리는 계속 나오지만 영상이 검은 화면으로 나와 유튜브를 다시 들어와야하는 일이 계속 생깁니다 개선해주세요
anzimin,2021-07-07 05:53:21-07:00,1,0,Ads:,Irritating
라스트브레스,2021-07-07 05:41:34-07:00,5,0,너무 좋네요!!,저는 트위치 방송을 좀 해봤는데 유튜브에 관심이 조금 많아져 유튜브를 시작했더니 기분이 너무 좋네요
박창건,2021-07-07 04:44:39-07:00,1,0,와 이상함,아니 폰으로는 영상볼수있는디 왜 패드엔 안나옴 와 유튭 나쁨
콩순이와 콩콩이,2021-07-07 04:18:31-07:00,5,0,고쳐주세요 !!,안녕하세요 액괴 유튜버를 하는 한 여학생 입니다 제가 어떤 친구와 프사를 똑같이 맞추었습니다 근데 1시간 뒤 제 프사와 이름이 그대로 되었습니다 오류인가 해서 계속 바꾸고 2일 뒤 또 해보았는데 똑같았어요 오류인지 궁금합니다
머갈대통령,2021-07-07 02:24:02-07:00,5,0,좋아요,"나만의 기록
좋아요!
열심히 해볼께요"
안녕히게세요,2021-07-07 01:04:59-07:00,1,0,차별,한국사람들이 중국사람을 차별하는것이 심각해요 한국사람이 차별주의자아니에요?
까미까미깜,2021-07-06 23:30:44-07:00,5,0,아니 근뎈ㅋㅋㅋ,"자꾸 업데이트 항목에 이상한 거 집어넣지 말라구욬ㅋㅋ
카페인 과다 충전 등의 개선사항이 있습니다, 오후 반차를 썻습니다 ㅇㅈㄹㅋㅋㅋㅋ"
빨리요 빨리 빨리ㅣ빨ㄹㄹ리,2021-07-06 22:25:24-07:00,3,1,업데이트 제발 그만해요,"그냥 여태 해온 업데이트 중에 쓸만한거, 괜찮은거, 하나도 없어요 하나도"
오스륵,2021-07-06 22:02:12-07:00,2,0,"알고리즘, 영화 매우 불만족","1. 알고리즘
영상 하나 보면 주구장창 비슷한 것만 보여주는 추천 알고리즘 .. 트래픽과 시청시간 확보에는 좋을지 모르나, 볼 만한 영상 고르기가 갈수록 어려워지고, 빨리 지루해짐 .. 그럼에도 불구하고 난 매일 유튜브를 켜지만 예전처럼 신나는 마음으로 보물 찾는 느낌은 아니다.

2. 영화
유통사 권리 관계가 복잡하게 얽혀 있겠지만, 타 OTT 서비스처럼 구독료 내고 여러 편을 볼 수 있는 것도 아니고, 한 편에 몇 천원씩 주고 보는 영화인데 PC 화질이 480p까지 밖에 지원이 안 된다? 이럴 거면 화질 정책에 대해 정확히 고지를 하고, 가격을 낮추거나 기존 구매자에게는 그대로 서비스 제공하는 등 소프트 렌딩하기 위한 방안이 마련되었어야 하지 않을까?"
제발제발 답변해주세요,2021-07-06 20:37:08-07:00,5,0,궁금해요,안녕하세요 진짜 궁금한 점이 있는데요 너무 무섭기도 하고 그래서 남깁니다 제가 계정을 새로 팠는데요 새로운 이메일로 안하고 그냥 했는데 시청기록에 제기 안 봤던게 떠요 너무 무섭고 잠도 못자겠어요 오류면 꼭 고쳐주시고 제가 알아봤는데 누가 계정을 가입했는지 알 수 있는게 있는데요 거기에 저 밖에 없었습니다 제발 답변해주세요 부탁드립니다
호랑이 아들,2021-07-06 20:21:16-07:00,3,0,유튜브,분발하세요 광고너무많아요
별이🌸🍭🍬,2021-07-06 18:44:30-07:00,5,0,제가 유튜번데,아주 좋아용
내가 몇년을 썻는데,2021-07-06 18:10:01-07:00,5,0,프리미엄,돈값함
앵간한듯,2021-07-06 16:07:19-07:00,5,0,삶의 활력을 줍니다,"열심히 살아가도록 활력을 줍니다
감사해요."
ضيحتيهيعصتبخظرسم,2021-07-06 10:00:10-07:00,5,0,유튜브 추천,"요즘 일상이 늘 따분했었는데
유튜브 영상링크를 올리며
부쩍 재미를 느끼게 됩니다.
나만의 세상을 만들어 간다랄까?
나의 일상과 나의 취미를 공유하며
즐거운 인생의 도우미 유튜브
적극 추천합니다."
sdfgvo,2021-07-06 08:51:41-07:00,1,0,아이패드 에어4 댓글 더보기 안됨,아이패드 에어4 쓰고있는데요 댓글 더보기가 안 눌러집니다
dfackkm,2021-07-06 07:51:06-07:00,4,0,Really nice,It gives a nice variety of videos and that’s what I like!
디ㅣ윤,2021-07-06 07:50:00-07:00,1,1,영상 도중에 블랙되는 현상 뭔가요?,"영상 재생중에 화면 블랙+소리만 납니다
영상에 문제있는것도 아니고 다른영상 틀고 다시 돌아와야되는데 너무 번거롭네요
리뷰보니 꽤 오래된것 같은데 업뎃은 언제 하시나요"
트로피가 높으면 전설 얻을 확률을 높여주세요,2021-07-06 05:32:46-07:00,5,0,꿀잼,나도 유튜버 해볼까???
순수소년런쥔,2021-07-06 04:08:06-07:00,1,0,광고가 개많아,예전에는 광고 하나씩 있었는데 요즘따라 광고가 두개가 정말 많이 떠요 그것도 스킵 못 누르는 광고 정말 광고 좀 적게 나오게 해주세요 제발 진짜 너무 불편해요
코미남이다,2021-07-06 03:12:59-07:00,5,0,블루투스 연결 문제!!!!!!!!!!!!!,블루투스로 연결 되었을때 이어폰이나 차량이나 재생중에 전화나 잠시 딴작업하고 다시 재생시키면 예전에는 딜레이 없이 바로 재생이 되었는데 지금은 영상은 재생중이고 소리는 나오지 않는 약 5초 6초 뒤에 소리가 나옵니다. 혹시나싶어 다른 어플을 테스트 해봤지만 딜레이 없이 바로 재생이 되더군요. 이증상은 유튭 뮤직에서도 동일합니다.
흔한개념,2021-07-06 02:49:34-07:00,3,0,영상보는데 소리송출 오류 개선좀,"영상중간에 광고가 나오고 나서 다시 영상 재생될때 계속 소리가 안나는 오류가 생깁니다. 그래서 매번 5초전으로 영상 땡겨줘야 다시 소리가 나옵니다;;
 광고까진 그렇다 치는데 소리 안나오는 오류는 해결좀 해주세요."
착한아이쏘,2021-07-06 02:29:06-07:00,5,0,좋아요,좋습니다 유투브최고b
ㄱㅈㅎ1104,2021-07-06 01:57:05-07:00,3,0,화면이 검정으로 전환되요,유튜브 영상을 잘 보고 있다가 갑자기 영상이 검정으로 변합니다. 빨른 시일내로 고쳐주세요
응~~ㄴㄱ,2021-07-06 01:23:23-07:00,1,0,광고,ㅉㄲ 광고좀 넣지 마세요
피어싱어,2021-07-06 00:40:07-07:00,1,0,???,아니 동생이 변태라고 치니 이상한 영상이 나왔어요 헐 아 진짜 고쳐주레요 제발로ㅠㅜ
한국인은 빠른게 좋아,2021-07-05 23:44:23-07:00,1,0,2글자로 설명함,광고..
마음을치유하는동화,2021-07-05 23:34:00-07:00,5,0,나를 기록해서 좋아요.,감사합니다.
hunni39,2021-07-05 22:14:10-07:00,4,0,알림에서 계속 간채중국어 나와요,원래 한국어로 성장했는데 이틀전에 간채중국어로 바뀌었어요…이 문제 해결해주세요
짱재균,2021-07-05 19:25:48-07:00,1,0,전체화면 지원,갑자기 전체화면하면 한 1/3 확률로 원래화면으로 안 돌아져서 껏다켜야합니다
조깐노,2021-07-05 16:17:33-07:00,2,0,광고 ㅈㄴ나오네,ㅉㅉ
왕광양중국어쌤01095122717,2021-07-05 15:48:19-07:00,5,0,平安,"亲爱的家人，神就是爱，神所赐的都是免费的，如空气、阳光雨露——

神把五谷赐给人类——未收“食品费”

神把地球赐给人类——未收“住房费”

神把田园赐给人类——未收“土地费” 

神把江河赐给人类——未收“供水费”

神把草药赐给人类——未收“医药费”

神把阳光赐给人类——未收“取暖费”

神把果蔬赐给人类——未收“营养费”

神把空气赐给人类——未收“加气费” 

神把雨露赐给人类——未收“灌溉费”

神把生命赐给人类——未收“生活费”

神把天国赐给人类——未收“签证费”

朋友们；世间最珍贵的东西都是免费的，神把永生赐给你，只要你接受，你就有永恒的生命。基督耶稣降世，为要拯救罪人，是神把福音赐给人类，只要你相信、接受，就得到白白的恩惠。圣经告诉我们说；信子的人有永生；不信子的人得不着永生，神的震怒常在他身上。”约3；36 阿们！"
himslse,2021-07-05 13:24:21-07:00,5,0,Always!,Thumbs up for the market anyone can creat their own field in
R. GULLITE,2021-07-05 08:54:26-07:00,3,0,오류,"앱 다 좋아요. 세계 최고 규모의 동영상 커뮤니티임이 확실한데, 전체화면 모바일에서 왜 안되죠 ,,"
환민사랑,2021-07-05 08:26:50-07:00,3,0,리뷰,쓸데없는광고가너무많아요
redkkong,2021-07-05 06:35:04-07:00,5,0,댓글 업데이트,"다들 댓글 업데이트 불편하다고 하시는데 저는 적응 잘 되던데요!! 그리고 좋아요, 싫어요 검정, 하양으로 바뀐거 너무 좋아요 💝"
아이패드재생안됨,2021-07-05 04:47:38-07:00,1,0,아이패드 동영상 재생 안됨,아이패드 A1822 모델에서 갑자기 동영상 재생이 안돼요 고쳐주세요
온세상이 불만인 사람,2021-07-05 02:33:09-07:00,3,0,아이패드로 커뮤니티좀 볼수있게 해주세요,거의 아이패드로만 활동해서 폰을 자주 안만지지만 아이패드로 커뮤니티를 못보니까 폰쓰고 패드쓰고 왔다갔하기 힘들어요 보니 최신게 아니라고 해서 업데이트를 해야하나 하고 보면 최신버전이라 하니 당황스럽기도 하네요
구글 사랑해요,2021-07-05 02:25:13-07:00,1,0,광고,제발 중국광고좀 막아주세요
ㅇㅇ어아아,2021-07-05 02:15:37-07:00,1,0,좀 관리 똑바로해 ㅋㅋ,아니 댓글 계속 내것만 삭ㅈ되길래 뭔 이상한말 썼나 하고 점 하나 찍었더니 그것도 바로 검열되네? 왜? 관리 진짜 이따구로 하면서 돈받냐?
유튜브좋아여,2021-07-05 01:16:49-07:00,1,0,결제를했는데 왜안되냐고,결제했는데 왜 프리미엄이 아니냐고요 ㅜ
환불해달라고오,2021-07-04 19:22:52-07:00,3,0,중복결제,유튜브 프리미엄 중복 결제되었습니다 환불절차가 어떻게 될까요?
그냥 다른 게임이랑 별다른게 없네,2021-07-04 18:40:09-07:00,1,0,오후 반차고 뭐고,"이럴시간 있으면은 유튜브 오류부터 똑바로 고치세요 ㅈㅂ

검은 화면 개 심하다고, 일부터 똑바로해. 참다가 이제 쓴다. 나머지 사람들도 이러는거 같은데 느끼는거 없냐?"
자두맛풍선껌,2021-07-04 17:58:13-07:00,4,1,화질설정이 애매함,높은 화질 설정하고 동영상 보는데.. 이게 항상 최고로 높은 화질이 되는게 아니라 최고높은화질 밑에 있는 아랫단계가 되네요 계속 애매한 화질로 됩니다. 그래서 볼때마다 다시 화질 설정들어가서 고급들어가서 변경해야됩니다.. 이러면 자동설정이랑 높은화질설정이랑 다른게 뭔지 모르겠어요. 차라리 업데이트하기 전이 더 편리한거 같네요.
Mark아리,2021-07-04 17:06:51-07:00,1,0,유튭 프리미엄 다른나라에 비해 넘 비쌈,너무비쌈
한비바라기,2021-07-04 08:36:49-07:00,5,0,ㅎㅎ,ㅎㅎ
이필립36,2021-07-04 08:24:11-07:00,2,0,"썸네일 크기 작게, 업로드 오류 수정","세로 영상 쇼츠로 올려도 가로로 올라가는 건 뭐죠?? 
업로드 가로세로 뒤바뀌는 것 좀 해결해주세요
물론 보지도 않겠지만"
데헷 헿,2021-07-04 08:19:55-07:00,4,0,.,"버그가 많이 고쳐져서 다행이네요!!
아직까지 안고쳐진 버그가 있으니 고처주시기 바랍니다!! 그것들 말고는 보고 있는것같아요!! 그리고 와이파이가 잘 통하는데 버퍼링이 많이 있네요 ㅠㅜㅠㅜㅠ이것들도 좀 고칠수 있으면 고쳐주세요!!
요즘따라 더 심해진것 같네요 ㅠㅜㅠ
그럼 제 리뷰를 끝내겠습니다
짧은 글 읽어주셔서 감사합니다!!!!!!"
아기외계인,2021-07-04 07:37:22-07:00,1,1,높은 화질로 보고싶은데,"왜 자꾸 720...? 설정 건들여도 그대로. 
1080으로 매~번 귀찮게 두번 클릭해서 설정하고.
대체 왜...? 이게 유튜브...??"
짭짭2,2021-07-04 07:16:00-07:00,2,1,유튜브 프리미엄,한국도 유튜브 프리미엄 패밀리 서비스 지원해주세요ㅡㅡ
유튜사랑,2021-07-04 07:11:14-07:00,5,0,유튜브조아,"만은유튜버들이있어자아요
유튜브화이팅"
꽥꽥꾸,2021-07-04 06:39:27-07:00,1,0,댓글 안 보임,아이패드에서 댓글 창이 아예 안 보여요. 어떻게 해결하나요?
abdhfhr,2021-07-04 06:37:10-07:00,1,1,업데이트 너무 별로,"어떻게 업데이트를 거듭할수록 앱이 안 좋아지는지.. 이상한 개선의 첫번째는 댓글창이었고
그 이후에는 화질 설정하는 것도 번거로워지고
보지도 않는 쇼츠는 왜 아래 추가해서 자꾸 눌리게 하는지 이해할 수가 없네요.
컴퓨터로만 봐야 하나 할 정도로 불편해서 앱을 못 쓰겠네요.
제발 앱은 깔끔하게 좀 갑시다"
진짜 궁금한 방귀대장 뿡빵이,2021-07-04 06:10:40-07:00,5,1,아니진짜 궁금한데요,설명란에 오후 반차쓴건 왜 적은거죠? 진짜 안물안궁하거등요 근데 보다보니까 진짜 궁금하네요
adelio95,2021-07-04 05:41:32-07:00,3,0,요즘 유튜브 화면 검정화면 뭐죠,분명 업데이트 하기 전에 영상 재생되다가 검정화면 뜨는 횟수가 많았는데 업데이트 하고 나서 그 횟수가 드물었는데  또 심해지네요
dbxbqmroQkrcu,2021-07-04 02:57:14-07:00,1,0,광고좀ㅈㅂ,"예 진짜 광고 오진다는 말밖에 할 말이 없네요
이렇게까지 해서 사람들이 돈내고 유튜브 프리미엄 쓰길 바래요...?진짜 최악입니다 예전엔 이정도까진 아니었던것같은데..무슨 동영상이 끝날때마다 광고가 나와요...."
힝쿠 하고싶은ㄷㅔ 왜 그러지,2021-07-04 02:11:34-07:00,5,0,반차 쓰지마세요,아니 업데이트만 하면 오프라인이 다 날라가네 처음엔 내가  잘 못 누른 줄 알고 냅뒀는데 지금 3번째라고요... 저장을 하면 뭐하냐고...... 또 언제 다 찾아 하 돌아버리겠다
배민삭제자,2021-07-04 01:05:08-07:00,5,0,오후 반차는 무엇 ㅋㅋ,웃기넹
류엘사,2021-07-04 00:59:45-07:00,5,0,성민,전 유튜브가너무좋아요
앞구르리장인,2021-07-03 22:42:41-07:00,1,0,설치오류좀,삭제했었다가 다시 깔려고하는데 설치하기눌러도 설치중인것처럼 로딩중되다가 안되네요
samsungmania,2021-07-03 22:18:12-07:00,1,0,별이 한개도 아까움,업데이트가 아니라 다운그레이드.. 왜 업데이트를 하면할수록 버그가 생기죠? 재생중에 까맣게 꺼져버리는건 아예 껐다가 다시 재생해야 돌아옵니다..
ㅏ저나,2021-07-03 21:54:35-07:00,5,0,"정말 다 좋은데, 하나만 추가해 주세요","Short 베타에 차단 기능을 넣어주시면 안될까요? short 베타 생긴거는 좋은데요, 보고싶지 않은 영상이 항상 나오는데 이거 하나만 추가해 주시면 더 좋을 것 같습니다✨"
유우융우,2021-07-03 19:31:29-07:00,5,0,오후 반차,혹시 오후 반차 쓰시고 뭐하셨나요 궁금하네요
ㅇ알빠?????????????,2021-07-03 14:31:33-07:00,1,0,인급동 어디갔나요?,"인급동 없어지고 쇼츠가 왜생겼나요?
자동 업데이트되서 어쩔수없이 쓰는데 진짜 불편하네요."
따뜻한 파인애플,2021-07-03 10:48:06-07:00,5,0,유튜브 어두운 모드 자동 전환 기능,다크 모드로 전환 될 때 유튜브도 같이 어두운 모드로 전환 되는 기능이 필요합니다. 그나저나 오후 반차를 자주 쓰시네요 부럽습니다.
조은자,2021-07-03 09:08:34-07:00,5,6,나의 고마운 유튜브,저는 59세인  평범한 시민입니다.  코로나로  인해  집에있는  시간이 늘면서  유튜브를 시청하게 되었습니다.  그런데   어머나~~나의궁금증. 누구에게  물어보고  싶은 모든 궁금증을 유튜브를  통해  알게 되었습니다. 예를들어  건강문제. 세상정보들.부동산등등  저의  교사로 부족함이  없습니다.  그래서 다이어트 를 13키로나 감량했고  건강도 많이  좋아졌습니다. 생계지원금도   신청하여 받게되었습니다. 유튜브를 위해 수고한 모든분들께  감사드립니다.
dafajlzz,2021-07-03 09:03:55-07:00,1,1,얘네들은 본인들이 써보고 업뎃이든 뭘 하는거냐?,대가리가 없나 화질도 설정 매번 불편하게 해야하고 광고도 오지게 나오네
지롷,2021-07-03 09:03:38-07:00,2,2,좀 짜증납니다..,"진짜로 광고가 미친듯이 나와요.
거의 한 영상마다 꼭 광고가 나옵니다.
5초후광고건너뛰기 이거 뜨는 광고가 아니면 
무조권 2개 연달아 나오고.. 하 진짜로 짜증이 나요."
ij0242,2021-07-03 08:30:05-07:00,3,0,영상이 검게 소리만 나와요,최근 유튜브가 소리만 나오고 영상은 검게 나오는 현상이 발생하고 있습니다. 개인적인 문제인지 유투브 앱자체의 문제인지 모르겠지만 다음 업데이트 때 신경 써주세요. 아이폰12미니 사용중입니다.
리뷰혜,2021-07-03 07:51:03-07:00,1,0,유튜브 업데이트 제발 좀,화질설정 방법도 마음대로 바꿔 버리고 지금 돈 내면서 프리미엄 쓰는데 PIP 기능도 못쓰는게 말입니까?? 이럴꺼면 그냥 유튜브를 안보고 말지 돈 내면서 유용한게 거의 없는데 왜 사용을 해야하나요?? 멋대로 하지말고 좀 사람들 의견 좀 들으세요.
semizigzag,2021-07-03 07:11:03-07:00,5,0,내가 누구겡,메롱메롱
Kilass12,2021-07-03 06:40:09-07:00,1,0,아이패드 댓글창을왜 쓸데없이 눌러서 보게합니까,아이폰은 그렇다치고 아이패드는 그냥 댓글스크롤해서 보면되는데 왜그걸눌러서 옆에댓글창을 띄워서 보게하냐고요 생각을 하고 업데이트를 하는건가요
샤이니피디,2021-07-03 01:37:59-07:00,5,0,부럽습니다,오후반차라니 부럽네요.
svd44,2021-07-02 21:42:32-07:00,3,0,플로팅 윈도우가 되지 않음.,가장 큰 단점. 백그라운드 오디오 재생만 지원할뿐 플로팅 윈도우를 지원하지 않는다.
우주최강남,2021-07-02 21:03:33-07:00,1,1,광고 너무 짜증,"광고 존나많음
광고 개많음
1분짜리 영상으로 봐도 광고 땜에 보기힘듬"
Kanemori,2021-07-02 19:56:33-07:00,1,0,일이나 똑바로 해라,업데이트 내역으로 시덥지않은 드립치지 말고 알고리즘이랑 기능이나좀 고쳐라 사장이 인도인으로 바꼈다더니 정신나갔냐
이름좀가리좀,2021-07-02 19:55:31-07:00,3,0,프리미엄 잘쓰고있습니다 이것좀 개선해주세요,어느 순간부터 숏 영상도 홈에있는 상황에서도 재생이 되는건 그냥저냥 나쁘지 않는데 무한재생되는건 너무 시끄럽습니다 이부분은 그냥 한번만 재생되던지 아니면 예전처럼 그냥 꺼졌으면 좋겠네요
나는 공듀,2021-07-02 16:30:39-07:00,4,0,잘못무름 ㅠㅠ,원래 5개인데 4개 됐어 ㅠㅠ
아이폰조아욯,2021-07-02 16:22:25-07:00,1,0,영상도중 끊김,영상보다가 검은화면으로 변하면서 영상이 재생안됩니다 최근에 업뎃하고 부터 그러던데 바그수정좀 부탁드려요
흠냐_OvO,2021-07-02 09:50:23-07:00,1,0,오류,유튜브 재생시 중간중간 화면이 까맣게되고 몇초동안 터치도 안되는데 왜이러는걸까요
A joyful life,2021-07-02 09:34:34-07:00,5,0,항상 삭제와 설치를 반복하는 앱,"아마 다운로드 수가 제일 많은 앱이지 않을까 싶네요
담배끊기보다 어렵다"
quốclâm80,2021-07-02 07:48:07-07:00,5,0,Rất thích xem các chương trình trên YouTube,Và muốn thử vai trò của mình như thành viên của YouTube
오전11시40분,2021-07-02 07:15:24-07:00,5,0,너는 왜,인스타로 공유를 바로 할 수 없는거니
ㅗㅗㅗㅗㅗㅗㅜㅗㅗㅗ,2021-07-02 06:50:35-07:00,3,0,아이패드,아이패드에 유튜브 커뮤니티 글 올라오는 거 좀 볼 수 있게 해주세요
게임 핵,2021-07-02 05:16:57-07:00,3,0,아이폰 심각한 버그 고쳐주세요,아이폰 못 보는거 못본다는거 뜨는데 이걸 터치해도 못 나가고 뭘할 수 도 없으니까 꼭 나갔다 들어와야하니까 개똥 훈련하는거 같아요 고쳐주세요ㅠㅡㅠ 이거 때문에 보고 싶은거 못 봐요ㅠㅜ 이거 때문에 별은:⭐️⭐️⭐️개입니다 불편하니까 고쳐주세요!! 제...바..ㄹ...ㅇㅛ 윽 (욕하고 싶어!!(빨리 고쳐라YouTube 야 제바알…..) 안 고치면 평점 1점할꺼에요!
사람을 살리는 어부,2021-07-01 16:33:47-07:00,5,0,하나님의 말씀은 한점 한획이 틀림없으시며 삶의 주관자로 우리를 붙들어 주십니다.,영어 공부에 많은 도움이 됩니다. 말씀을 배우며 영어도 익히니 참 좋습니다. 이제 영어는 안된다 생각했는데 다시 한번 도전해 보겠습니다.
zzzz4422,2021-07-01 12:09:37-07:00,3,0,영상 잘 보다가 화면이 까매집니다,영상 껐다켜야 정상화되는게 몇주째 이어지고있는데 해결 부탁드립니다
하아ㅇ,2021-07-01 09:46:10-07:00,1,0,유튜브 프리미엄 오류인가요,유튜브 프리미엄 무료 체험을 신청하고 기간이 다 끝나서 해지를 할려고 보니 그 아이폰 설정 구독에서 구독했다는 내용도 없고 유튜브 구매항목에 들어가도 아무것도 없길래 해지가 저절로 된건가 싶어서 가만히 놔뒀더니 돈이 빠져나갔네요 돈을 환불받을수는 없나요
Bueno1111111,2021-07-01 05:18:26-07:00,5,0,ㅋㅋㅋㅋ,성능 고치고 오후 반차를 쓰셨다는 운영자님 너무 웃겨요 ㅋㅋㅋㅋㅋ
오ㅓ아ㅏ나자ㅏ자나누너,2021-07-01 01:10:25-07:00,3,0,다 좋은데 댓글이 자꾸 삭제되네요,빨리 고쳐주세요
yehtta,2021-07-01 00:39:10-07:00,1,0,프리미엄. 자동재생 안됨…,"구글 티비 연동시 결제 전에는 광고-노래-광고 잘만 자동재생이 되었는데, 프리미엄구독 후 노래 한곡 이후로 재생이 안됨. 
설정도 확임 함. 자동재생 사용으로 되어 있음. 
캐스트로 내보내기 해도 자동재생 안됨… 결제한 이유가 없잖아…"
터치 짜증ㄹㄹㅁㅁ,2021-07-01 00:08:48-07:00,3,0,오류,영상보다가 다음영상보면 이전영상의 댓글창이 뜨네요..얼마전부터 그러길래 이번 업뎃후 고쳐질줄 알았는데 아니네요…제발 고쳐즈세료
Jason Haze.,2021-06-30 22:50:53-07:00,5,0,오후 반차는 인정입니다,ㅇㅇ
짹짹쨀,2021-06-30 22:20:44-07:00,2,1,영상 끊김이 너무 심해요 ㅠㅠ,"업데이트 하고도 오류가 계속 발생하는데 도대체 어떤 점을 위해서 업데이트를 한건지 알 수가 없네요
유튜브 프리미엄 쓰니까 광고나 이런 문제는 아닌 것 같은데 문제가 뭔지 모르겠어요 .."
윤은혁,2021-06-30 20:42:07-07:00,5,0,건의사항,"커뮤니티 검색 기능이 생겼으면 좋겠고
영상 플레이 도중에 검정화면 전환 버그 개선이 되었으면 좋겠습니다. 참고로 기종은 아이폰 Xs max입니다."
원필마누라,2021-06-30 20:32:13-07:00,5,0,댓글쓰면서 화면 자유롭게 터치할수있게하면 좋겠다,은근 불편함...나만 그러면 눈물흘림....한번 더 반차써주세요
전기전공학생,2021-06-30 20:14:42-07:00,5,0,아이폰 화면 오류,영상 시청 중 중간에 화면이 검정색으로 바뀜
Photan,2021-06-30 20:00:54-07:00,5,0,오후 반차 완벽하시져..?,전 완벽해요
무야호무야호무야호,2021-06-30 17:33:39-07:00,2,0,계정이날라갔어요,"어제까지만해도 멀쩡했던폰이 
하루지나니 유튜브에들어가니 로그인하라고 떠서 로그인을했죠 근데
무슨 감독설정?14살 미만 그거 땜에 계정날라갔어요"
glock4154,2021-06-30 07:40:20-07:00,1,0,광고 투머치,광고 좀 작작 트세여~해도해도 너무 트는거 아닙니까
너~무,2021-06-30 06:17:44-07:00,5,0,너무 좋아요!,"랙도 잘 안걸리고
 제가 많이보는영상&비슷한영상등이 많이나오고
최근에 업로드됀 동영상도 나와서 좋아요
유튜브 짱!!!!"
병진현아,2021-06-30 05:57:05-07:00,2,0,윮옾ㄹㅎ유로유올퓨오류오류오류오류오류오류오류,작작좀해주세요 오류좀 고쳐요 제발 왜이렇게 요즘 오류가 심해요 진짜로ㅋㅋㅋㅋㅋㅋㅋ
디ㅑ유나,2021-06-30 03:41:58-07:00,4,0,댓글창,댓글을 국가별로 볼 수 있게 정렬하는 기능이 필요해요!
사랑꾼준이,2021-06-30 03:13:28-07:00,5,0,넷플릭스처럼 pip 좀 저절로 안 되나요?,프리미엄만이라도 pip 저절로 되도록 업데이트 좀 해주세요!
newhappy0107,2021-06-30 02:27:23-07:00,2,0,조회수,"조회수가 줄어들었습니다
줄었다면 왜 줄었는지 통계나 자료가 없습니다

왜 줄어들었는지 알수 있었으면 좋겠습니다"
호호호떡냠,2021-06-30 01:51:29-07:00,3,0,댓글이 안달려요,오류라고 뜨면서 댓글이 안달려요ㅠㅠ 지웠다가 다시 깔아도 이러는데 왜 이러는거죠?????
엠팝아,2021-06-29 22:17:04-07:00,5,0,돈,유튜브 프리미엄을 잘못 구매해서 애플스토어에 환불 요청을 하고 완료를 받았는데 돈이 안들어와요.
별명할게없네왜다사용중인거야이잉ㅠㅠ,2021-06-29 20:58:44-07:00,3,0,최신 동영상,"요즘 유튜브에 검색을 하면 몇개월 전, 심하면 몇년 전 영상이 나와요. 노래 같은 게 아니라 매일매일 영상이 올라오는 키워드를 쳤을 때요 그래서 그 키워드를 검색하는 횟수가 줄었네요 옛날 영상 말고 요즘에 올라온 동영상이 상위에 떴으면 좋겠어요"
siw1914,2021-06-29 20:20:30-07:00,5,0,업데이트 작업이 힘드신가봐요.,"업데이트 하시는 날마다 반차를 쓰시는거 보면 ㅜㅜ
잘 쉬세요~^^"
킴헉둔,2021-06-29 18:29:35-07:00,1,0,제발 광고좀 적당히 넣으세요,본인들 돈 벌 생각만하고 광고 겁나 넣는데 진짜 보는데 불편해 죽겠네요 5초 이내로 끝나는 광고 아니면 스킵정돈 하게 해주세요 제발 좀 무슨 몇십초짜리 광고를 스킵버튼도 없이 두 개를 붙여서 띄우시는지 참;; 유튜브 프리미엄 결제하게 만들려고 일부로 광고를 많이 띄우시는거 같은데 광고 스킵 버튼 안넣어주시면 유튜브 삭제하고 그만 사용하겠습니다
sksk12345578,2021-06-29 18:10:40-07:00,1,0,아이폰12미니,아이폰12미니 검색시 검색목록 드래그하면 아래에있는 목록이 안뜨고 아예 흰색창만 뜹니다 유튜브 앱 삭제후 다시 설치하면 괜찮아졌다가 앱을 껐다가 키면 다시 검색목록 오류가 생깁니다
ipxgxkp,2021-06-29 17:13:54-07:00,5,0,시스템에따라 다크모드.라이트모드,자동적용 되게 해주세요.
광자스키,2021-06-29 15:15:42-07:00,5,0,굿 라이프,세상의정보가 있는곳 유튜브 좋아요
불광불급화이팅,2021-06-29 14:47:41-07:00,4,0,라이브 끊김현상,80명 이상 동시접속이어서 그런지 중간중간에 끊김현상이 많이 발생했어요.
flemrcndl,2021-06-29 12:23:15-07:00,3,1,아이패드 유튜브 전체화면 축소 오류,아이패드로 유튜브 전체화면 시청중 전체화면 축소가 안되는 현상이 빈번하게 일어납니다. 축소가 안되다가 검은화면에 음성만 나오는경우도 있는데 한번 확인해주세요
ㅇㅅㅇ ㅅㅇㅅ,2021-06-29 10:24:40-07:00,4,1,아이폰인데 영상 중간에 자꾸 검정 화면이 뜸,일주일전부터 그랬던것같네요;;;; 어플 켤때마다 한번씩 영상 중간부터 검정 화면 뜨고 재생이 안되네요. 어플측 오류인것같은데 빠른 개선 부탁드려요...
엠피좀줘여 ㅜ,2021-06-29 05:37:58-07:00,5,0,블루투스 키보드 단축키를 늘려주세요,"검색, 전체화면, 배속 등 유용한 단축키가 더 많았으면 좋겠습니다.
그리고 방향키로 재생할 영상을 고를 수 있는 기능은 정말 필요합니다.
항상 감사합니다. 수고하세요."
쓤뀸,2021-06-29 05:07:05-07:00,1,0,bad,bad
옌옌~,2021-06-29 05:05:32-07:00,4,0,제발,아니 계속 오후 반차를 쓰셨다 하시는데 그럴 시간엔 유튜브나 고쳐요 ㅈㅂ
djcudjkkx,2021-06-29 04:33:12-07:00,1,0,전체화면 돌아가기,전체화면에서 돌아가기가 안됨
은하링,2021-06-29 03:48:58-07:00,4,0,유튜브 댓글 기능 건의 드려요,"안녕하세요, 저는 유튜브를 정말 잘 사용하고 있는 사람입니다. 유튜브에는 항상 유익하고 재미있는 영상들을 많이 볼 수 있어서 긍정적으로 잘 사용을 하고 있는데요. 근데 최근들어 유튜브 댓글에서 외국인의 댓글이 부쩍 많아져서 한국의 댓글을 찾기가 매우 어렵습니다. 따라서, 유튜브 댓글에 국가별 언어찾기 기능을 추가해 주셨으면 합니다. 이것만 고쳐지면 더욱 더 완벽한 유튜브가 될 것 같아요!"
유투브와우,2021-06-29 03:43:06-07:00,5,0,화면좀 돌아가게만 해주시면,정말 사랑합니다
흐유우😭,2021-06-29 01:51:33-07:00,5,0,불만이 있습니다,유튜브 중독이예요. 책임져주세요 흑흑
미니민🔮,2021-06-29 00:16:27-07:00,5,0,유트브!,넘 자밌어요...근데..가끔 영상 크게했다가 다시 홈으로 가려고 화면 월래데로 돌아오는거 누르면 않먹히더라구요..그점만 고쳐주세요
도람22,2021-06-28 23:26:54-07:00,1,0,버그를 고치고 오후반차 ?,한국 고객을 위한 앱 업데이트 하는데 오후 반차는 왜 쓰는 겁니까 🤷‍♀️
KKKDAN,2021-06-28 23:04:27-07:00,1,1,ddainom,유튜브가 틱톡이냐? 틱톡좀 못올리게해라
쵸ㅑㅁㄷㅊ효ㅕㅁㄷㅎ랴ㅛㄷㅁㅎ쵸ㅑㄷㅁㅎ쵸먇ㅎ챠ㅛㄷㅁㅎ,2021-06-28 20:37:18-07:00,5,0,ㅓ,"ㄱㅁ
러ㅇㅏㅓ츠+ㄴㄹㄷㅍ셤ㅊ ㅊㅎㄱㅍㅎㄴㅍㄱ쵼ㄱ쳐*ㅕ=ㅕㅛㄷㅁ렴ㄷㅍㄹㅎㅁㄷ려ㅛㄷ며ㅛㅍㅎㅎ려ㅛㄷㅁㅎ쳐ㅛㅁㄷㅍ쳐ㅛㄷㅁㅎㅂㅅ같음ㅋㅋ"
가가나니나라다아,2021-06-28 19:10:33-07:00,3,0,나도,나도 오후반차쓸래
beautiger001,2021-06-28 13:11:58-07:00,3,0,검증되지않은내용을내보내지않도록사전모니터링강화,수많은건강정보사점점검시스템강화필요
유툽스,2021-06-28 12:57:03-07:00,1,0,아이폰8플,아이폰8플러스 쓰는데  검색창에 검색했던 이력을 움직이면 칸이 전무 백지화가 되어  창을 완전히 지우고 다시들어가야합니다  아이폰 버젼 업데이트후 현재 2개월동안 개선이 안됩니다  물론 지우고 다시깔아도 그렇습니다  ㅡ ㅡ
로다쥬,2021-06-28 07:51:36-07:00,5,0,오후반차는 못참죠,ㅇㅈ이지
듣기기능 사용자,2021-06-28 07:49:18-07:00,5,0,버그 고치고 오후 반차 사용하신 개발진분,고생하셨슺니다
#유니,2021-06-28 07:07:22-07:00,5,0,유튜브,완전 대박 이에요!! 너무 좋은 것 같아요 군데 가끔가다보면 알림이 안 뜨는 게 있는데 별로 그렇게 크게 상관은 없어서..ㅎㅎ 그리고 제 휴대폰이 이상 한 건지 아니면 제가 방법을 모르는 건지 모르겠는데 영상에 댓글을 어떻게 다는 지 모르겠어요.. 분명 몇 달 전 까지만 해도 됐는데…그래도 유튜브 짱짱!!
ㅇㅇ031,2021-06-28 06:48:27-07:00,1,1,높은 화질,"높은 화질로 전부 돌려놔도
1080까지 있는데 720으로 되는 경우가 너무 많아서
영상 하나 볼 때마다 화질을 바꿔야 해요
너무 불편해요"
바가연,2021-06-28 06:32:10-07:00,4,0,오류가 있습니다,업데이트 후에 시청기록 하나하나 밀어서 지우는 것이 한 두번 되다가 그뒤로는 안 돼요 어플 껐다 다시 켜야지 그재서야 돼요 고쳐주세요!
ㄹ언,2021-06-28 04:31:39-07:00,1,2,화질 선택 창 좀 어떻게 해봐..,자동선택이니 뭐니 하지 말고 이전으로 돌려놔요 제발 불편해 죽겠어요
psm070808,2021-06-28 04:06:02-07:00,4,0,오류인가요??,오늘 갑자기 댓글달수있는 댓글창이 살아지고 영상 알람도 안뜨고 업로드한 영상들도 안보여요
상의하의,2021-06-28 02:47:06-07:00,5,0,당당하게 반차쓰는 당신 부럽습니다,오후반차 많이쓰시네요 부럽 ㅠㅠ
Thddnwn,2021-06-28 02:37:00-07:00,1,0,버그있음,검색창에서 검색버튼 안누르고 연관검색어 내리면 갑자기 버그뜸 한번 해보셈
재용2,2021-06-28 01:55:17-07:00,5,0,오후반차를썼습니다?ㅋㅋㅋ,ㅋㅋㅋ
ㅓ건,2021-06-28 01:29:20-07:00,5,0,아니 담당자 좀 이상한거 같은데,아니 개선사항에 미친거아니에요ㅋㅋㅋㅋㅋㅋㅋㅋㅋㅋㅋㅋㅋㅋㅋㅋㅋㅋㅋㅋㅋㅋㅋㅋㅋㅋㅋㅋㅋㅋㅋㅋㅋㅋㅋㅋㅋㅋㅋㅋㅋㅋㅋㅋㅋㅋㅋㅋㅋㅋㅋ
태그림,2021-06-28 01:03:40-07:00,5,0,"아니 무슨ㅋㅋㅋ ”버그를 고치고,","성능을 개선하고, 오후 반차를 썼습니다” ㅋㅋㅋㅋㅋ"
박노비,2021-06-28 00:43:30-07:00,5,0,?,왜자꾸 반차써욬ㅋㅋ
영모씨,2021-06-27 22:42:36-07:00,4,0,유튜브 버그 좀……,유튜브를 매일보는 사람 중 한명입니다 아이폰12미니를 쓰고 있는데 유튜브 매인화면에서 영상을 쿠릭하고 내리면 화면이 조금씩 움직입니다
데드보더,2021-06-27 22:39:11-07:00,5,0,반차 ㅋ,반차를 쓰신 개발자님  부디 좋은 시간 보내세요^^
호ㅓ아욱차ㅠ터유터투어,2021-06-27 21:20:10-07:00,5,0,오후 반챀ㅋㅋㅋㅋㅋㅋㅋ,업데이트 내용 재밌고 부럽네요ㅠㅠ
어렵스키,2021-06-27 20:22:05-07:00,5,0,부럽쓰,오후반차 개부럽네요 역시 대기업
방관찍사,2021-06-27 19:59:31-07:00,3,0,재생목록에서 랜덤재생 완전 엉망,플레이했던 항목이 또 플레이됨. 랜덤재생 엉망임
아이폰8플러스,2021-06-27 19:49:28-07:00,1,0,언론의 자유,언론의 자유를 통제하지 마라!
아니 무슨 별명이 다 사용중이래 짜증나네,2021-06-27 19:39:53-07:00,2,0,ㅎㅎ,광고가 좀 선넘네용 ㅎㅎ
이순재.,2021-06-27 19:15:21-07:00,5,0,헤이 디벨로퍼!,오후 반차는 왜쓴거에요 나도 쓰고싶잖아..
오후반차를내?,2021-06-27 18:32:58-07:00,1,0,아이패드로 4k 또는 60프레임 영상을 보면 프레임 드랍 현상이 있습니다.,"며칠전에 아이패드 5세대를 구입해서 동영상을 돌려보니 유튜버들이 올리는 영상 중에서도 4k 또는 60프레임이 제공되는 영상들은 간헐적으로 프레임 드랍이 발생합니다. 

와이파이 문제인가 싶어 공용 와이파이, 개인 와이파이에서도 영상을 돌려봤습니다만 똑같습니다.

혹여나 기기문제인가 싶어 서비스센터를 방문했더니 하드웨어나 소프트웨어의 문제가 없다고 합니다. 

이번 업데이트를 통해 개선이 되려나 싶었지만 똑같은 현상이 발생하네요.

혹여나 리뷰를 보신다면 조치 부탁드립니다."
달려하니,2021-06-27 16:48:28-07:00,4,0,반차는,pip 기능 업데이트 해주고 쉬러 가세욧
보름달이 한월 카톡 닉즈방 들어와주세요,2021-06-27 16:46:02-07:00,5,0,ㅋㅋ,예전에 19세로 웃었어요 ㅋㅋㅋ
혜수기사랑,2021-06-27 16:19:14-07:00,4,0,교육 적인 내용,독학 하는 학생들에게 유용한 내용이 많아서 좋아요
어류아,2021-06-27 16:17:18-07:00,1,0,재생이 멈췄다 다시 될때 작동이 잘 안돼요,"재생이 멈췄다 다시될때
작동이 잘 안돼요"
강원득.,2021-06-27 13:16:18-07:00,1,0,오류가 심해요,오류가 심해요 자꾸 멈춰요 광고를 뛰어넘어요 이건 좋은데 뛰어넘고 몇분지나서 멈춰요 ㅂㄹ
아이폰 말고 어른폰 쓸래,2021-06-27 11:11:55-07:00,1,0,소리,유튜브가 가끔씩 영상 소리가 안들려요 아이폰 문제인건지 유튜브 문제인거지 몰라서 올려봅니다
야리사,2021-06-27 08:09:48-07:00,5,0,정확,내이야기. 입니다
하늘꽈당,2021-06-27 06:55:51-07:00,1,1,초반에 잘재생 되다가 화면 검은 화면 됨,아이폰12프로 사용자인데 얼마전부터 초반에 재생 되다가 화면이 검은화면됨 해결부탁드립니다.
여고딩팬티냄새,2021-06-27 06:23:30-07:00,1,0,업뎃 이전으로 돌려줘요,화질 설정 업뎃과 재생 목록 업뎃 이후 불편해졌습니다.업뎃 이전으로 되돌려주세요
날라라쓧,2021-06-27 05:46:14-07:00,3,0,선정적인영상,남녀노소 모두 이용하는 유튜브채널을 건강하게 사용할 수 있도록 검증에 쉼없이 달려주세요
MDRT맨,2021-06-27 04:53:09-07:00,5,0,아주좋음,굿 정말 좋은
afk아레나 ㅋㅋㅋㅋㅋㅋ ㅈ양산형~~,2021-06-27 03:30:29-07:00,3,0,화질 설정,너무 불편해요.. 원상복구 해주세요 응애
배그사용자,2021-06-27 02:43:07-07:00,1,0,오류 고쳐주세요,나중에 볼 동영상에 있는 영상 중에 비공개 처리된 영상있으면 자꾸 숨겨졌다고 위에 뜨는게 사라지질않아요 해결좀 해주세요
what's up bro,2021-06-27 02:06:42-07:00,1,0,볼륨버튼 상단바 빛셈현상 좀 고쳐주세요,거희1년이 되어갑니다.
하고싶어서,2021-06-27 02:06:22-07:00,5,0,유트뷰,5개
소독약차,2021-06-26 23:57:56-07:00,5,0,유익한 정보 제공에 대해 감사합니다.,갖가지 수많은 정보를 제공해 주셔서 현대인에게 없어서는 안될 귀중한 채널이 되었습니다.
위대한딸기,2021-06-26 21:48:31-07:00,5,0,좋아요,전 세계가 사용 중
화아아아아이띠,2021-06-26 18:46:01-07:00,1,0,아이패드에서 전체화면 안꺼져오,ㅜㅜㅜㅜㅜ아이패드에서 전체화면 종료가 안돼요
무야호~~~~,2021-06-26 10:38:39-07:00,2,0,화면이 안떠요,요번들어서 큰창으로 돌리다보면 까맣게 화면이 안뜨고 방금은 그냥 시청할랫는데도 까매서 소리만들리고 영상은 안보이네요 나만그래????
여기서어쩌라고,2021-06-26 05:08:42-07:00,2,0,안드로이드처럼,아이폰 백그라운드 재생만 되게 하지말고 안드로이드처럼 업데이트나 빨리 해주길 백그라운드로 화면 밑에 작게 띄우는거 왜 아이폰만 안됨?아이폰 업데이트는 매번 느림
찡찡무,2021-06-26 04:35:45-07:00,4,0,아이폰 유저 입니다,"안녕하세요 
저는 아이폰 se2 쓰는 유저 입니다
동영상 시청중 소리는 나오지만 한번씩 검은색 화면으로 끊키면서 3번 이상 그래서 리뷰를 써요 확인을 해보고 개선을 해주시면 감사하겠습니다"
아 또 튕겼어,2021-06-26 03:44:20-07:00,5,0,아이패드 화면 축소,"아이패드로 유튜브 보는데 왜 화면 축소가 안되나요? 
뭘해도 다 안되네요.. 다른 사람들도 그런분 많으신거 같은데 쓸데없는 업데이트만 하고 정작 필요한건 안하네요.."
삐주리,2021-06-26 01:37:56-07:00,5,0,아주좋음,아주좋아요
혜리리리리,2021-06-25 22:54:38-07:00,1,0,업뎃후 전체화면 하단부 영상 잘림,업뎃되고 바로 사용하는데 전체화면으로 돌리면 아래 하단부가 잘려서 보여요
자라랑수,2021-06-25 17:09:46-07:00,1,0,패드에서는 커뮤니티 기능을 지원을 하지 않습니다,패드에서는 커뮤니티 기능을 지원을 하지 않습니다. 너무 불편해요. 왜 지원이 안되는지 이해가 안됌.
리뷰어1122,2021-06-25 11:38:41-07:00,3,0,아이패드 커뮤니티 기능,언제 됩니까 ㅡㅡ
유투브망,2021-06-25 11:15:58-07:00,1,1,개선좀해라,"검은화면 왜 자꾸 뜨는 거에요?
요즘들어 자꾸 검은화면에 음성만 나오는데 광고처넣고 돈벌면서 돈은 벌었다가 어디에 쓰려고요ㅜㅜ? 개선 좀 해요"
rc12:/,2021-06-25 10:01:29-07:00,5,0,업데이트후 화면 이상해짐 ㅠㅠ,아 제발요 .. 업데이트 했는데 갑자기 유튜브 화면 확대되고 이상해졌어요 제발 복구시켜주세요 제발 ㅠ
호호홍ㅇㅇㅇ,2021-06-25 08:12:14-07:00,5,0,ㅋㅋㄹㅃㅃ,일단 19금 동영상 풀어라
유튜브 돈미새들,2021-06-25 06:24:01-07:00,1,0,돈에 미쳐도 작작해야지,광고도 점점 많아지고 광고도 두개
업데이트한1인,2021-06-25 05:58:08-07:00,4,0,화면 전체화면 변경시 화면이 나오지않아요,몇번 다시 다운받아도 개선이 안되네요
PLEASE!!! TT,2021-06-25 04:22:03-07:00,5,1,언어별 댓글 분리 기능 추가해주세요! 꼭!!!,언어별로 댓글을 따로 볼 수 있는 기능을 제발!!!! 추가해주세요!!
아이엠그라운드파인애플먹기,2021-06-25 03:32:18-07:00,1,2,자기나라언어댓글 우선으로해서보여주세요,"알아먹지도못하는 외국댓글보다 알아먹는 자기나라댓글 우선해서보는 기능 좀 만들어주셈
우리나라댓글 주접이 꿀잼인데 노잼임..ㄹㅇ"
다아아사,2021-06-25 02:45:16-07:00,2,0,많은 기능들 너무 좋은데요,"광고가
...광고 너무 심해요
이젠 광고하는 동안 댓글도 못 보게 광고로 막아놨더라구요..
진짜..더 이상은 Xx"
goofy3379,2021-06-24 23:16:02-07:00,4,0,아이폰,미니플레이어 왜 안되나요
우하하ㅏ하하하하하,2021-06-24 19:15:44-07:00,5,0,너무 좋아요^^,"광고 좀 작작 넣어라;; 광고 땜에 뭘 보겠니??
돈 벌을려고 광고를 얼마나 넣는거야;;;;;;;"
탈퇴좀 개빡치네,2021-06-24 15:36:17-07:00,3,0,실행오류,간혹 실행하면 화면이 멈추네요...
행복부자영보이,2021-06-24 10:30:30-07:00,1,0,원하지 않는 광고 차단해도 계속 보여줌 스트레스 폭발,돈에 미친 구글과 유튜브
고2 간호학과 지망생,2021-06-24 08:50:57-07:00,5,0,퉤,시험기간인데 공부를 못하겠어요.. 3일남았어요... 저 *됐어요.. 근데 앱을 이렇게 잘만드시니 손이 계속 가잖아요 제발 저한테 왜이러세요.... 저 지금 대학도 못가게 생겼어요... 좀 살려주세요... 유튜브 일 왜캐잘해... 알고리즘도 미쳤어... 사랑해요 유튜브 제 성적 다 버려요 그냥 ❤️
호.뚜비,2021-06-24 05:52:51-07:00,4,0,평온한마음이 .....되네요.  강아지 뿐 아니라  사람듣기에도  너무 좋아요,굿 ㅡ
ㅍㅍ호효허ㅑㅓ,2021-06-24 05:23:03-07:00,5,0,굿,재미있는 영상들을 모두 볼 수 있어서 편리하고 유익합니다🥰🥰
manyluck,2021-06-24 04:53:02-07:00,3,0,팝업 플레이는 언제 실현되나요,"왜 아이폰만,,, 아직두,,,,"
라프텔 이거만 고쳐줘,2021-06-24 02:02:00-07:00,5,0,댓글,"유튜브 영상 볼때 요즘에 인기있는 영상에는
외국인들이 댓글 많이 달던데
댓글 보면서 유튜브 보는게 재미있는데
요즘엔 외국인 댓글 때문에 댓글 보는 재미가 없어요
한국인 댓글을 편안하게 볼 수 있도록 위로 올라오게
해주세요"
일렉트로마트,2021-06-23 22:37:59-07:00,5,0,갑자기 리뷰 하라네,그냥 유투브만 봅니다 할말이 필요가 없음
eeube,2021-06-23 20:25:43-07:00,4,0,댓글을 언어/국가 별로 볼 수 있게 해주세요.,"영상을 시청하면서 댓글을 보는 이유는 공감하고 교류하기 위함인데 다른 나라의 언어로 댓글창이 도배되어있으면 영상에 대한 흥미 또한 떨어지고, 댓글이 순기능을 못 하는 것 처럼 느껴집니다.  댓글을 언어 별로 모아서 볼 수 있는 기능이 있으면 좋겠습니다."
ㅎ퓨ㅓ쵸랴ㅢㅜ,2021-06-23 20:11:30-07:00,4,0,iPhone 12 mini,"아이폰 12 미니에 맞는 유튜브 포맷을 만들어주세요. 전체회면을 하지 않으면 보기가 힘들고 상단에 있는 버튼 터치도 쉽지 않아요. 

pls change the format for the iPhone 12 mini. it is hard to watch without a full screen and its hard to tap on button which is at the top of the screen."
운쓰,2021-06-23 15:03:16-07:00,5,0,전 이 유튜브 라는것의 빠져있음니다,ㅇ
dl.tkdrjs,2021-06-23 12:13:06-07:00,2,0,버그,제발 이 망할 전체화면했다가 창 안작아져서 앱 껐다키게좀 만들지마세요. 진짜 스트레스 받으니까
수디니임,2021-06-23 12:02:06-07:00,1,0,갑자기 화면이 까맣게 변하고 소리 안나옴,뭐 볼때마다 이렇게 되네요. 저만 이런가요. 재생 시간은 계속 차는데 화면이 갑자기 까맣게 아무것도 안보이고 1-2초 후 소리도 멈추네요. 개선 부탁드려요
내꺼아이퐁,2021-06-23 09:04:46-07:00,3,0,내가 구독한 영상들 추천에 안뜨게,내가 구독한거는 어자피 구독했으니까 홈에 굳이 안떴으면 좋겠어요 그만큼 내가 새로운 영상들을 접할게 적잖아요 홈에 뜨는 영상들 10개중에 8개가 내가 구독한 영상이면 굳이 구독을 누르는 의미가 뭐죠
hamyh05,2021-06-23 04:54:20-07:00,3,0,광고좀 적게 해주셈,ㅎㅎㅎ
서비스입니다,2021-06-23 03:48:59-07:00,5,0,Dhdhsjs,Djdjjfjff
무카지,2021-06-23 03:40:25-07:00,5,0,유튜브는 무주건 프리미엄 가야함 ~! 돈이 안 아까움 :),진심
빨간반창고,2021-06-23 02:44:17-07:00,5,0,유튜브 짱,"너무 좋아요! 좋아하는 음악 골라서 듣고, 궁금한 거검색해서 볼수있어 최고입니다.여ᄅᆞㄱ. 내 생애 최고의 최고의 앱이다."
코페커피농장,2021-06-23 02:32:04-07:00,5,0,모든게 다있음,너튜브❤️
로블럭스 조아,2021-06-23 02:06:39-07:00,5,0,자막이…풉,자막을 틀고 보면 자막이 지금 이 화면에 나오는 캐릭터가 하는 말이랑 영 다른말이 나와요. 그거 보고 빵 터졌어요. 캐릭터가 와 우와 하는데 이상한 말이 나와서 ㅋㅋ. 너무 웃기네요!
이랑이든,2021-06-23 01:38:21-07:00,5,0,신세계,"상상 이상으로 너무나 놀라운 세계를 만났습니다
뭘 부터 준비를 해야할지 마음이 급하기만 하네요
세상은 빠르게 발전해 가는데 나는 지금 뭘하고 있는거지?"
예비니빈이,2021-06-22 23:59:01-07:00,4,0,광고,예전엔 안 그랬는데 요즘 중간이나 맨 앞에 나오는 광고가 너무 길어 졌어요 막 13초 짜리 그러면서 여기가 티비냐구요 광고 나오는건 어쩔수 없지만 너무 길어 진거에 대해 피드백 좀 남깁니다 그거 말고는 거의 다 좋아요
기타샘,2021-06-22 22:42:57-07:00,5,0,영상을 보는 입장에서 만드는 입장이 되어보니,"세상을 보는 눈이 달라지고 마음자세도 달라졌습니다. 
유튜브는 축복의 선물입니다. 
감사합니다."
팟젼,2021-06-22 22:42:27-07:00,5,0,유튜브 프리미엄 멤버십,유튜브 프리미엄 무료체험하다가 6/20일 저녁 11시 59분에 자동 결제가 됐습니다. 그래서 환불요청을 하였는데 제가 낸 돈은 안주고 멤버십만 취소하셨네요 돈을 주고 취소하던지 지금 뭐하자는건지 모르겠네요 이 글 보시는 즉시 14000원 돌려주세요;;
Graphia,2021-06-22 18:20:21-07:00,1,0,Why subtitle turned on automatically all the time?,As I said. It turns on subtitle all the time  playing another video. I have to turn off it everytime. You even don't have option to force subtitle off in settings. Please make it work properly.
미운골퍼,2021-06-22 17:02:42-07:00,5,0,좋아,유~~티비  넘좋아요
제에에에발 봐아주우세에에ㅔ요,2021-06-22 16:31:12-07:00,1,0,나한테,왜그래
투표율100%되는날까지,2021-06-22 16:15:05-07:00,1,0,돈벌레들,기업모토가 초심을 잃지 말자라며
멱살 잡는다,2021-06-22 11:45:03-07:00,1,0,ㅡㅡ,"짜즁 남 유튜브한테 밀렷음 
안 밀릴 때 5점 주러 다시 오겟움."
arihantatu,2021-06-22 10:50:46-07:00,1,0,app is crashing,"when i try to upload a video, the app crashes."
사회악유튜브,2021-06-22 08:41:02-07:00,1,0,사회악,사회악
워십리더,2021-06-22 08:31:55-07:00,5,0,유익해요,"필요한사람들에게 좋은 기회를 주는 유익한앱이라고 생각합니다 
다만 (좋아요)를 누를때 에러가 많이 나는거 같아서 안타까움이 있습니다"
레렐레레,2021-06-22 08:18:39-07:00,2,0,연령제한뜸,제가 24살인데 연령제한 실화임?아니 사놓고 보질못해 일 제대로좀해 화나게하지말고
"//:;;,,",2021-06-22 08:17:25-07:00,1,0,광고 개짜증남,15초광고 늘린거 개티나니까 좀 없애던가 줄이던가 해주세요
안다솜,2021-06-22 06:57:04-07:00,3,0,멀티태스킹,홈 화면에서도 작은 화면으로 영상 계속 재생되게 해주세요~ 요즘 넷플도 쿠팡플레이도 다 그렇게 재생 되게 업뎃해주던데 유튜브는 프리미엄인데도 안되네요
"마블은 역시 믿을게 안돼 캡틴, 혼내줘",2021-06-22 06:35:21-07:00,4,0,왜 한국댓들은 밑에 있죠+,"동아시아 유튜브는 일본이 관리한다곤해도 
너무 찾기가 힘들고 댓글보는 재미가 없어요
이점 보완시켜주시면 감사하겠습니다..
번역도 가능하면 해주세요!! 외국인이 올라가서 뭔뜻인지 ㅋ 
그리고 요즘 광고가 나올때면 광고는 안나오고 멈춰버리고 껐다켜도 지속됩니다
고쳐주세요"
우링하나,2021-06-22 04:51:03-07:00,1,0,갑자기 커뮤니티 안보임,아이폰12업데이트해도 커뮤니티 안보여요
벤배,2021-06-22 04:39:54-07:00,1,0,광고좀 적당히,15ㅊㅎ광고 좆같아
misspsygong,2021-06-22 02:55:07-07:00,5,0,짱짱이!!,"안녕하세요 유튜브 거이 중독자 입니다.
유튜브 너무 좋고 재미있는 데요,
이거 인터넷 연결 했는 데도
계속 영상이 끊겨요.
이 점 고쳐 주셨으면 합니다.
이 부분만 빼면 너무 좋아요!!"
C19vaccine,2021-06-21 22:17:40-07:00,5,0,최근 들어 버퍼링 너무 심해,"동영상 한 번 순탄하게 보기 힘들어 
마치 30년 전 pc환경으로 돌아간 느낌 이해하기 어렵지만 구글이 의도적으로
그러는 건 아니지 생각이 들 지경 
환경과 여건은 전혀 달라진 게 없으니까"
ㅇㅇㅇㅇ렉,2021-06-21 21:40:25-07:00,2,0,화면이 까매요.,"영상이 안 뜨고 까매요. 앱 삭제 후 재설치해도 그러네요. 유튜브 자체 문제인 것 같은데, 참고로 저는 아이폰이에요. 그리고 언어별로 댓글 보는 기능이 추가되면 좋겠어요."
Katie05010710,2021-06-21 20:26:45-07:00,3,0,수정,"너무 좋은데.. 썸네일이 안보이고,댓글창도 안보입니다!! 언제인가부터 그러더라고요. 지웠다 깔아도 그러네요. 제 핸드폰이 문제인건가요? 아이폰 se2사용중입니다."
궁긍한건 못차는.여인,2021-06-21 19:49:28-07:00,4,0,갑자기 얼아전부터.오류.오작동,"카테고리로나누어있고 구독할수도있던.유트브.
 내가.구독하는 강론.음악또는.괸심.분야.문자발송서비스카지.
근데. 갑자기 무음서비스와.유트브뮤직이란서비스
도대체 왜이리 오류상태죠?"
Ill on,2021-06-21 19:03:22-07:00,1,0,왜 패드에서는 설정창을 찾을수 없는지 모르겠네요,일부러 그러는건지 버그인건지 로그인 상태에서 설정창을 찾을수 없다는 게 말이 됩니까? 수정좀 하세요
개말라인간될레,2021-06-21 18:55:57-07:00,3,0,환불해주세요,유튜브 프리미엄 갱신되기 전에 연락 온다는데 오지도 않았고요 그래서 한달 무료체험 했다가 까먹고 있었고 오늘 아침에 자동으로 결제가 됐네요. 환불 부탁드려요
커멜로,2021-06-21 18:47:23-07:00,5,0,감사합니다 유투브 관계자 여러분,여러분들의 헌신 덕분에 너무 좋은 유익을 얻고 있습니다. 감사합니다.
skyblue_,2021-06-21 18:37:56-07:00,5,0,Pip기능,안드로이드는 pip기능 있던데 왜 아이폰은 안되나요. 아이폰에도 적용시켜주세요.
으걓,2021-06-21 16:48:39-07:00,1,0,다들 아실거에요.,"청소년인 저에게 부적절한 웹툰 광고가 흔히 보이고, 영상 하나 보는 데에 2개씩 나오고 툭하면 프리미엄 결제하라고 창 뜨고 좀.. 많이 그래요.
제가 이 리뷰 쓴다고 달라질 건 없지만 이렇게라도 답답함을 좀 표현하고 싶어요."
무료인가요?유료인가요?,2021-06-21 16:16:21-07:00,5,0,?,혹시 요금이 나가나요?
그름방,2021-06-21 16:08:18-07:00,5,0,축구,고마워
스마터서브웨이,2021-06-21 07:14:20-07:00,1,0,제발 iPad에서도 커뮤니티 확인할 수 있게끔 업데이트 좀,"부탁드립니다. 조만간 업데이트된다는 안내문구만 믿고 기다린지 수년입니다ㅠ 참다참다 리뷰 달아요

+아직도 업뎃ㄴㄴ 패드에서도 커뮤니티 좀 보게 해줘요"
기염아용,2021-06-21 05:31:33-07:00,1,0,야 이 머저리 새끼들아,니들은 양심이란게 있냐? ㅅ발 니가 토끼도 아니고 양심은 집에 두고 출근하냐?
오로앋ㄴ,2021-06-21 05:08:02-07:00,5,0,"노래 ,재미,숙제",노래 들을때 기분좋아 지고 재미는 재미 있는 영상 볼때 기분 좋아 지고 숙제 몰르는거 물어 보면 알려줘서 쉽게 풀수가 았다😘
otficial,2021-06-21 03:43:36-07:00,5,0,인생앱,시대를 변화시킨 어플 유튜브 카카오톡
bjh1179,2021-06-21 01:49:36-07:00,3,0,아이폰은 PIP기능 추가 안해주나요,유튜브 프리미엄 사용자입니다 안드로이드는 PIP가능한데 아이폰은 PIP기능 추가 안해주시나요 안드로이드에서는 되던기능이 안되니까 차별당하는거같기도하고 조금 불편하네요
김페리얼,2021-06-21 01:02:01-07:00,5,0,개선할점이보입니다,핸드폰이나 pc에선 잘 보이는 커뮤니티가 패드에선 안 보이네요 개선이 빨리됐으면 좋겠습니다
존버버버러럴러러로,2021-06-20 20:20:32-07:00,5,0,댓글,자신이 적은 댓글을 가장 위에 띄워주면 좋을 것 같아요 내가 적은 댓글 찾기가 힘들어요ㅠ
갓독04,2021-06-20 20:11:06-07:00,3,0,유튜브 프리미엄 자동 결제 되었어요,환불해주세요 ㅠ
swan247365,2021-06-20 16:33:42-07:00,5,0,감사합니다,감사합니다
느흐흐흐헥헥,2021-06-20 16:27:07-07:00,1,0,귀찮게 좀 하지마세요,"뭘 자꾸 평가 하래요?
짜증납니다"
효띰,2021-06-20 15:42:17-07:00,5,0,결제오류가 났습니다ㅠㅠ,정말 좋은데 몇주동안 프리미엄 안썼는데 갑자기 결제가 되었어요 환불 부탁드려요 이것 저것 다 해봤는데 환불 요청이 안되요ㅠㅠ
Windowsnews,2021-06-20 15:35:23-07:00,2,0,예전 UI 되돌려주세요,커뮤니티 포스트 누르면 덧글창 뜨게 해주시고 영상 설명란도 제목을 클릭하면 밑으로 뜨도록 해주세요..
Al hussen,2021-06-20 15:06:52-07:00,4,0,تحسين دقة الفيديوهات,تشغيل الفيديوهات في الخلفية
박사짱,2021-06-20 14:52:27-07:00,5,0,최고 애정 & 가장 많은 정보 습득,가장 많이 이용하고 있습니다.
탱자,2021-06-20 11:13:26-07:00,5,0,역시 유튜브 대만족 굿굿good,벌만한건 유튜브뿐
qajfirkdldl,2021-06-20 10:45:05-07:00,1,0,이거 오류인지 버그인지 제발 고쳐주세요,아니 원래 영상을 보면서 중간에 광고가 있는데 컴퓨터로 볼때 오른쪽아래 5초후 광고가 뜨는데 5초가 되고 광고 화면으로 안넘어가고 5초후 화면이 검정색이 됐다가 갑자기 영상이 재생되고 광고는 안뜨고 또 나중에 5초후 광고가 나온다고 하면 그때 갑자기 영상이 꺼지면서 흑백화면이 되면서 재생멈춤도 안되고 광고는 안 나오고 세로고침을 해서 다시 했는데 세로고침 하자마자 광고가 뜨면서 또 똑같은 현상이 나와요. 이거 저만 그러나요?? 신기한게 핸드폰으로 볼때는 안그러는데 컴퓨터로 볼때 현상이 계속 생겨요. 너무 스트레스 받아서 너무 짜증나요. 제발 고쳐주세요.!!!! 제발요.
패치롤백,2021-06-20 09:07:26-07:00,5,0,화면 검게 변하는 증상,16.23.3 버전업데이트후 수시로 스트리밍중 검은색으로 변하는 증상. 수정요망
왈돟,2021-06-20 05:37:20-07:00,1,1,커뮤니티 기능은 도대체 언제추가하려는건지,안드 폰에서는 잘만 되는게 아이패드는 안되게 막는 이유를 모르겠네
안드로이드티비,2021-06-20 04:53:41-07:00,4,0,스마트 티비에서 안드로이드 버젼으로 보고 있습니다,갑자기 광고재생되면 오초 후 앱이 먹통이 되는데 저만 그런건지 확인 좀 해주세요
인터누텔라,2021-06-20 04:33:22-07:00,2,0,지식인에도 다들 올라오는데 이거 좀 고쳐주세요,"어제부터 광고 나올때마다 검은화면으로 바뀌고 0분 00초로 바껴서 움직이지를 않아요 제 폰이 문제인줄 알았는데 아빠 폰도 그러고 지식인, 친구들도 전부 물어보네요 이거 좀 고쳐주세요."
Husky00423,2021-06-20 02:55:21-07:00,5,0,좋아요,잘 보고 있습니다.
Gorantino,2021-06-20 02:11:12-07:00,5,0,댓글 번역기능 생기면 좋겠다,"유튜브 없이 못사는 사람중 하나고
유튜브 프리미엄 생겼을때부터 사용중인데요
한국 유튜버 말고 해외 유튜버들도 종종
구독하고 자주 보는데 댓글에 영어나
타국 언어 소통 어려운게 조금 아쉬운 부분이라
인스타그램 처럼 댓글 번역 기능만 있으면
진짜 더 완벽할듯한 ㅠ 희망사항일 뿐이지만요
완벽한 고급 번역 아니야도 되니 
기본적인 번역이라도 가능한 기능있음 
해피 판타지일것같네여"
9.7.55.7,2021-06-20 01:13:58-07:00,4,0,타임라인,시간 넘기거나 타임라인 누르면 시간 -1:00 이거 너무 불편해요.. 그냥 시간 떴으면 좋겠어요
사람인가요?,2021-06-19 22:52:41-07:00,1,0,재발..,저는 유튜브를 평소에 즐기는 사람입니다. 근데 요즘은 광고가 2개 이하 아니면 광고 너무 나와서 영상 보기에 힘듦니다. 그리고 프리미엄 그런게 있는데 전 돈이 없어서 못하고 무료 체험도 끝났어요. 이젠 제 인생도 끝나가니 광고를 제거해주새요.딴 유튜버들도 수익이 필요하지만 영상을 보는 사람도 고려해야 할것 같아요..부탁할게요ㅠ
유치원서열ㅇ,2021-06-19 21:34:39-07:00,1,0,화면중간에 블랙현상좀 고쳐주세요,"초반에 영상나오다 갑자기 블랙화면으로 변합니다
업뎃좀 부탁드려요"
nasir charity,2021-06-19 19:49:32-07:00,5,0,YouTube is the best,But am need famous do you helping me ?!!
마산통,2021-06-19 19:29:52-07:00,3,0,화질,제발 자동 화질개선 기능좀 만들자
팬트하우스 팬,2021-06-19 18:35:00-07:00,5,0,좋아요,너무 좋아요
youtube premium구매,2021-06-19 12:22:44-07:00,1,0,youtube premium구매,youtube premium구매를 했는데 계속 광고가 나오네요 ㅎㅎ 어이가 없네요
yeminhe,2021-06-19 11:04:03-07:00,2,0,오류 수정,"검색하려고 검색기록 스크롤을 올리면 화면이 잘립니다 오류 수정해주시길 바랍니다
아이폰7 유저입니다 업데이트 모두 완료 했습니다"
꼭 만들어주셨음좋겠어요,2021-06-19 09:14:44-07:00,5,0,좋아요표시한동영상(모두)지우기,"안녕하세요 유튜브를 아주 잘 사용하고있는 유저입니다 유튜브 기능성은 아주아주 뛰어나고 좋습니다
하지만 저의부분에서 불편한점이 하나있는데요 좋아요 표시한 동영상을 모두 삭제할수있는 시스템이있었으면좋겠어요!"
하나님의창문,2021-06-19 09:02:11-07:00,4,0,삶의변화를,"삶의모습을 바꾸어준기회가 되는데 큰시려를 
사람들의 공동체 속에서 필요한
부가된다
울 언니들 최고
할렐루야 감사합니다"
Seunghyum_,2021-06-19 06:41:49-07:00,3,0,PIP 제발 부탁드립니다 프리미엄이라도,젭알….!!!!!ㅠㅠㅠ
신약사,2021-06-19 05:47:02-07:00,5,0,휴먼 살아가는 모습이 훈훈해요,삼형제가 너무 보기 좋아요
한가지만써요,2021-06-19 04:10:25-07:00,1,0,어떻게 업뎃을 할수록 구려지죠...,자동재생 꺼놨는데 다음꺼 틀고 있고있질 않나 내가 내 데이터 알아서 쓰면서 최고화질로 보겠다는데 왜 니들이 나한테 맞는 화질을 정해줘요 짜증나게
나르니,2021-06-19 01:20:22-07:00,4,0,Not bad…,It’s not bad. quite good app. which I’ve experienced.
xisnens,2021-06-18 22:50:24-07:00,1,0,제한모드,"유튜브 제한모드 걸린 영상을 시청할라고했습니다
검색해서 찾아보니 설정-일반-제한모드 풀었는데도
죄송합니다.이 컨텐츠는 연령이 제한되어있습니다
라고 뜹니다 전에는 19세인증까지하였고 잘 시청하였는데 어느새 막혔더라구요 방법 없나요 ?"
samu5817,2021-06-18 21:55:47-07:00,5,0,패드용 어플 버그 해결 부탁드려요,아이패드프로 11에서 사용하면 목록 갱신이 안되네요 새로고침하려고 화면 아래로 땡겼다가 올리면 목록에 있는 컨텐츠 클릭이 안됩니다 목록 갱신도 안되구요 어플 재설치해도 동일증상 생겨요 폰에서는 아무 이상 없는데 패드에서만 발생합니다
〰️〰️〰️🔛©️,2021-06-18 21:15:03-07:00,1,0,유튜브 프리미엄 무료체험 결제됨..,유튜브 프리미엄 무료체험을 하는데 통장에서 돈이 빠져나갔어요ㅠㅠ
우너ㅓ처어아,2021-06-18 18:41:29-07:00,1,0,자꾸 끊기구 꺼져요,자꾸 끊기구 꺼져요
덕하촌장,2021-06-18 18:10:50-07:00,4,0,참 좋아요,ㅎㅎ
파이팅정빈,2021-06-18 18:04:41-07:00,5,0,굿,굿
gfhvty,2021-06-18 16:48:03-07:00,4,0,Chef,Ghju
윤홉,2021-06-18 11:29:44-07:00,5,0,영상 시청중 소리가 안들려요,업데이트 이후로 영상시청도중에 소리가 안들릴때가 있는거같네요...뭐가 잘못됐는지는 몰라도 확인부탁드려요
🥕🍆👩‍👦‍👦😆,2021-06-18 08:10:59-07:00,1,0,화면이 왜 자꾸 꺼지는거죠..?,"잘 보고 있었는데 자꾸 화면이 꺼집니다.. 
정확한 주기가 있는 것 같지도 않고 처음에 x누르고 다시 재생하면 커졌는데 이젠 소리만 들리고 화면이 안 나오네요.. 뭐가 문제일까요??"
흔한 모아미,2021-06-18 07:50:01-07:00,4,0,짧은 동영상,"유튜브 알람창에서 짧은 세로 동영상을 클릭하면
검은 화면과 채널은 나가기 창으로 이동돼는 버그가 있습니다 기록에 들어가면 정상적으로 영상은 재생돼요 업데이트도 했는데 바뀐건 없어요!! 이것만 고쳐주세요 제발!!!"
빙고여,2021-06-18 05:53:42-07:00,5,0,나날을 유트브하고 보냅니다.,。。。。
དསངཧ,2021-06-18 04:41:11-07:00,5,0,바른정보를..,많은 좋은정보와 참된사실을 원합니다
바그쥬녀니,2021-06-18 02:49:59-07:00,5,0,꿀잼,ㅋㅋㅋㅋㅋㅋ
지-우유유,2021-06-18 02:46:36-07:00,5,0,버그&오류 수정 ✍️,"유튜브를 잘 사용하고 있는 한 유저입니다. 심심할때나 우울할 때 유튜브를 보면 기분도 업 되고 정말 제 인생에서 최애 앱 1위일 정도로 잘 사용하고 있습니다. 하지만 제 폰이 문제인지 모르겠는데 영상이나 댓글 창을 보다가 자꾸 튕김 현상이 발생하더라구요 한번은 아예 앱 자체가 튕겨서 한동안 앱이 안 들어가지는 현상도 있었습니다.. 앱이 문제라면 이런 버그들 수정 좀 해주세요 이번에 업데이트 되서 이제는 괜찮겠지 하고 들어가봐도 오류나 버그는 여전한 것 같습니다.. 이 점만 빼면 정말 좋은 앱이구요, 항상 수고많으십니다 :)"
김상환eiwotu,2021-06-18 02:01:28-07:00,1,1,광고,"아니 뭐자하는거에요
예전에는 광고 ㅈㄴ 조금씩 나오는데
왜 요즘에 광고가 계속 나오는거에요?
이거뭐 프리미엄 결제 무조건 결제해야한다는 거에요? 어휴 돈없는 사람은 못하겠네요"
공주답게행동해,2021-06-18 01:33:29-07:00,3,0,아 제발 광고좀,"아아아아앜 제발 돈 벌려는거 알겠는데요 
전에는 광고 하나 넣고 5초후 스킵도 있었으면서
요즘은 두개나 넣고 5초후 스킵 왜 없앴나요
아 진짜 제발요 제발;;;;;;;;;!!!!!!!!!!!!!!!!!!!!!"
바보제작사,2021-06-18 00:48:17-07:00,1,0,유튜브 계정 해지,야이 또라이야 좋아하는 거 셧다운 할래?실수 자꾸 하는데 이따구로 만들어?별 하나 ㅋ
Oceanfive,2021-06-17 21:25:49-07:00,4,0,광고 줄이기,시청시 광고가 너무 많이 등장해 매우 불편함
푸푸돌이,2021-06-17 21:03:22-07:00,5,0,IOS PIP기능 만세!!!!!!!!!,"내가 사파리에서 유튜브를 열었나?????
아니네 아이패드서 유튜브 보는데 PIP기능이 되네
대박!!!!!!!!!!!"
부루룩,2021-06-17 20:08:41-07:00,3,0,성인인데 인증하라고도 안 뜨고 볼 수 없단다,성인인데 인증하라고도 안 뜨고 볼 수 없단다
귀여운 예린,2021-06-17 17:23:30-07:00,5,0,너무 좋아요,유튜브에서 여러가지를 배우기도 해서 좋아요
코코별코코,2021-06-17 15:44:28-07:00,1,0,업데이트하고부터 재생이 안됩니다,프리미엄 사용중인데 업데이트 하고부터 재생이 안됩니다.
유모세짱,2021-06-17 08:48:48-07:00,5,0,잘 쓰고 있구여,"제 유튜브 TEAM BRO 1000명 만들고 싶은 욕구떼문에 열심히 하네요 저좀 도와주세염
구독! 좋아요! 눌러줏 퍽…"
낑깡쿠,2021-06-17 06:45:00-07:00,1,1,화질 예전으로 바꿔주세요,"왜 화질고정을 고급으로 해둬도 480-720으로 뜨나요?
인터넷 속도에도 문제없는데 영상볼때마다 따로 1080으로 바꾸는거 진짜 짜증나요"
ap019,2021-06-17 05:05:04-07:00,1,1,새로운 업데이트 진짜 불편하네요,영상 클릭후 광고중에 밑에 정보란에 x도 못누르고 끝날때까지 아무것도 못하네요.
영적인오나기,2021-06-17 00:41:56-07:00,1,1,화질설정 왜 개좆같이 바꿔놓음?,원래대로 해놔라
피카 피카 !,2021-06-16 22:18:49-07:00,4,0,유투브 연령세,"제가 12세인데요
유투브 다좋습니다 
근데 연령이 17세인건..
좀..어긋나다고 생각하는데 부모님들이 잘못 보시고
17세인 앱을 왜 하니라고 말씀하시는데..
유투브 기준을 대체 왜 17세로 한건지 이해가 안가네요 유투브 연령세 만 봐꾸면 5점입니다!"
현대문화,2021-06-16 21:51:43-07:00,1,0,저기,영상 눌를때마다 자막사용 왜 자꾸 켜지냐 분명 자막사용 안함되어있는데 이상하게도 자막사용 눌러줘있네 이거 오류잖아 당장 패치해
행회,2021-06-16 21:22:33-07:00,2,0,아니 이런 ㅡㅡ,프리미엄 해지 구독에 안뜨는데 어떻게 해지하라는거에요
멸치(?),2021-06-16 19:53:19-07:00,3,0,아이폰에 게임 실시간 생기게 해주세요!!ㅠㅠ,안녕하세요 전 유튜브 하는 유저 입니다 저도 게임 실시간 해야하는데 그거 못하니까 스토어에서 깔고 뭐 해야하는데 아이폰도 실시간 게임 생기게 해주시면 감사하겠습니다
이질감,2021-06-16 17:41:25-07:00,5,0,감사합니다.,유익한 정보도 받고 재미있는 영상 등 많은 도움이 되고 힐링이 되서 감사합니다.
tpdud0910,2021-06-16 16:21:32-07:00,1,0,제발 무한로딩,"아니 공유기 문제인가 싶어서 공유기도 바꿨는데 대체 영상 무한로딩이랑 중간끊김 영상 첫 시작에서 무한로딩 이거 대체 언제 업데이트 해주실 건지,, 돈 내고 프리미엄 사용하는데 구독자들을 위해서 또는 유튜브 사용자들을 위해서 얼른 고쳐주시는 게 맞는 게 아닌지;;;;;;
진짜 참다참다 짜증이 나서 환멸이 날 지경입니다^^;;; 제발 빨리 좀 고쳐주셨으면%^"
장해온,2021-06-16 15:46:19-07:00,5,0,유튜브 프리미엄 관련 문의글,"안녕하세요. 저는 유튜브 레드때부터 멤버십을 구입해서 사용하며 불과 한 달전만해도 프리미엄을 구입해 사용하던 사람입니다. 
 제가 5월달에 입대를 앞두고 결제를 해제했다가 오늘 다시 결제를 했는데 가격이 14000원으로 올라있더군요 나중에 확인을 해보니까 유튜브프리미엄을 나중에 결제한 사람은 가격이 인상된 채로 결제를 해야된다는 사실을 알게되었습니다.
 비록 한달을 결제를 해제한 저였지만 앞으로도 계속 유튜브프리미엄을 결제할 의향이 있는 사람으로써 본래 제가 결제하던 약9000원 가격에 다시 결제를 하고싶습니다"
핒짜,2021-06-16 12:32:55-07:00,4,0,재생안됌,처음 시작에 광고에서 부터 재생이 안됍니다 지웠다가 깔아도 재생이 안됍니다 ㅠㅠ
주루션스 주거스 주스타즈,2021-06-16 11:05:22-07:00,2,0,"유튜브 홈 새로고침 안됨, 추천영상 개수 적은 문제","프리미엄 사용중이고 빠르게 해결부탁드립니다. 홈화면에서 추천영상이 4~5개밖에 뜨지않고, 아래로 스와이프해 새로고침하면 목록이 그대로 남아있고 터치해도 반응이 없는 문제가 8개월이 넘습니다."
jhc060109,2021-06-16 07:21:48-07:00,2,0,Too buggy,"After refreshing the main page by pulling the page down, contents are not loaded back to back, rather there are huge paddings between them as if some thumbnails are missing"
이재혁은무직입니다,2021-06-16 06:49:31-07:00,1,0,이재혁,무직입니다.
묭D,2021-06-16 05:44:01-07:00,1,0,별로,입니다
손다움,2021-06-16 04:39:28-07:00,5,0,유튜브의 폭풍은 최고야!,한마디로 좋다!
구매 내역 삭제 좀,2021-06-16 03:50:46-07:00,4,0,다시보기 리스트 에러,"다시보기 리스트에는 삭제된 영상이 없으나, 다시보기 영상을 재생하면 삭제된 영상이 뜨고 삭제가 되지 않음"
턴수흐,2021-06-15 19:18:12-07:00,4,0,유투브 프리미엄 결제오류,제가 항상 프리미엄 구독하다가 핸드폰결제 취소하고 PC로 결제 구독 옮겼습니다 근데 자꾸 휴대폰에서 결제하라고 미납됬다고 나오는데 취소 할수있는 방법이 있나요??
지호 민아 맘,2021-06-15 17:31:39-07:00,5,0,말잘하는  동생,"사내들의  찐우정이  보이네요  
동생분  말도잘하고  ㅎㅎ 대박"
ㄹgㅅ,2021-06-15 16:30:28-07:00,5,0,유튜브 짱!,재밌게 시청하고 있어요
호반상고대,2021-06-15 15:25:48-07:00,5,0,일상생활에서,"항시 많은 정보와 얻으며 즐거움 과 슬픔을 유튜브와
일상이 되였습니다."
지나칠수없을껄?진짜갈거야?진짜?정말?,2021-06-15 13:00:15-07:00,1,0,shorts 삭제해줘...,"아니면 차단 기능이라도 넣어 주든가...
시간 아까워요..."
이해ㅛㅗㄱ,2021-06-15 11:02:34-07:00,1,0,ㅇㅇ,"댓글이
안 보여요.."
버그고치라고제발,2021-06-15 09:35:42-07:00,5,0,화질 고정 좀 넓게 해 주세요.,고화질 설정에 1080으로 설정할 수 있게 해 주세요.
화질진짜,2021-06-15 08:56:17-07:00,1,0,화질;,아니 화질은 왜 또 다운그레이드 된거죠? 진짜 불편합니다 다시 되돌려놔주세요 무슨 영상 하나 볼 때마다 화질 설정을 일일이 해줘야 되네 비싼 돈 주고 프리미엄까지 쓰고 있구만
Kidea0609,2021-06-15 07:54:34-07:00,1,0,PIP기능의 빠른 추가가 필요합니다.,"Youtube Premieum을 유료로 사용하면서 안드로이드에서는 정상적으로 작동하는 PIP기능을 사용할 수 없다는 건 엄연한 차별이라고 생각됩니다.
빠른 업데이트가 필요합니다."
minuk23,2021-06-15 07:46:41-07:00,3,0,동영상 재생이 안됩니다,"쇼트 영상 이외에 영상이 재생이 안됩니다
어제는 껐다가 키면 됐었는데 오늘은 아예 안되네요
계정 두 개 사용중인데 프리미엄 결제 중인 계정만 이래서 더 불편합니다
(iphone 11 이용중입니다)"
reveik,2021-06-15 02:04:33-07:00,5,0,영상이 너무재밌어,영상이너무 재미있어요
wise660,2021-06-14 19:46:08-07:00,4,0,10초  전후로돌리는 기능필요,상동
ㅅㅎㅅㅇㅅㅇ,2021-06-14 19:29:00-07:00,1,0,화질 설정 업데이트,원래대로 해주세요 개불편
몽령인,2021-06-14 18:50:46-07:00,4,0,믹스관련,"전엔 믹스목록 수정할수있었는데 (폰에서) 
지금은 또 수정이안되네요 (순서변경 및 믹스목록에서 삭제)그부분 수정해주세요"
33세김은지,2021-06-14 18:42:14-07:00,1,0,중복 구매가 되다니.... 너무 속상하다 내돈...,"아씨진짜 얼마동안 이중으로 돈이 나간건지...
진짜 세상에서 젤아깝다.
아이폰쓰시는분들 구독목록 꼭 다시한번씩 확인하세요"
자색감자,2021-06-14 15:30:00-07:00,5,0,유튜브,좋고 잘쓰고있습니다~^^
복마마,2021-06-14 14:15:31-07:00,5,0,복마마,도움되는채널입니다  ~짱짱
ㅏㅇ아아엉ㅇㅇㅇ,2021-06-14 11:33:33-07:00,3,0,광고가 어마어마하게 많네요..,많아요..
ppiapppiap,2021-06-14 10:05:55-07:00,3,0,계정 변경 기능 왜 사라졌나요?,길게 눌러도 변경 창이 안뜨네요
ksh8464,2021-06-14 06:51:41-07:00,5,0,굿,굿
세시루님,2021-06-14 06:29:39-07:00,1,0,업뎃 후 백그라운드 재생 안됨,수정 안하나
Etiuiycbrtfc,2021-06-14 05:12:32-07:00,5,0,영상이 정보가 되는 시대를 만들다,"유투브 이용자이면서 크리에이터로서
새로운 시대를 열어준 유투브에 감사드립니다^^"
어츨어플삭제,2021-06-14 03:31:00-07:00,5,0,GOOD!,"프리미엄이 좀 더 좋았으면 좋겠네요
그레도 GOOD!!!!"
핵꿀잼 유튭,2021-06-14 02:10:24-07:00,5,0,역쉬 유튭,정말 편하고 재미있는 유튜브!!
센뽁,2021-06-13 23:06:01-07:00,5,0,댓글 한번에 모두 삭제하는 기능 만들어주세요,댓글 한번에 모두 삭제하는기능좀 만들어주세요
헹히헤래행,2021-06-13 22:16:23-07:00,5,0,유튜브 터치가 안 먹혀요,"며칠 전부터 짧은 동영상 같은 경우는 시청이 되는데, 일반 영상 보랴고 하면 눌리지가 않아요
몇 번을 삭제했다 깔았다 반복하고 있습니다……
한번 확인 좀 부탁드려요 아이폰입니다"
JYYI9999,2021-06-13 21:09:20-07:00,1,1,검색창에서 스크롤만 하면 화면이 잘립니다,아이폰 12프로구요 화면 잘림때문에 검색내역에서 스크롤을 할수가 없네요
벨칸토박,2021-06-13 18:27:03-07:00,1,0,계정 바뀌었는데 기존에 쓰던 자동결제 취소 부탁드림,제가 아이폰 번호도 바꾸고 폰이 초기화가 되어서 기존에 쓰던 애플 계정 비밀번호를 까먹어서 새로 아이디를 파서 사용중인데 기존에 쓰던 계정으로 유투브 로그인해서 동영상 끄고도 음악플레이 가능하는 월 14900인가 그거 사용중이었는데 이젠 사용할수 없어서 자동결제 취소 부탁드려요 아이디는 jhp0206@nate.com입니다 고객센터에 전화하니 코로나때문에 상담연결이 안된다고 하네요 빠른처리 부탁드려요
뀨너를,2021-06-13 13:32:44-07:00,1,0,쇼트기능 폐지요청,"쇼트 이 기능 싫습니다. 왜냐면 동영상이 짧기때문에 동영상을 누르면 동영상을 볼때 일부분이 가려집니다. 또 동영상을 누르면 동영상이 새로운 창이 뜨면서 밑으로 좋아요&싫어요 그 밑엔 댓글 그 밑엔 다른 연관동영상을 볼수있었는데 이건 그게 없어요. 불편해요.

옆에 뜨는 좋아요&싫어요 등등의 기능이 가려지지 않아서 온전히 동영상을 즐기지 못합니다."
제작자 빨리봐요,2021-06-13 08:22:41-07:00,1,0,화질 업뎃 줘같네요,하! ㅋㅋㅋㅋ 이번 화질 업데이트 ㅈ 같네 ㅋㅋㅋㅋㅋ 저만 그런걸진 몰라도 자동으로 해놓으면 알아서 화질 맞춰졌는데 이제는 고정이네 이러면 뭐가 자동임?
해미냥,2021-06-13 06:59:58-07:00,5,0,ㄱㅆㅅ교너누덯가,너무좋어영
연극영화포도사랑,2021-06-13 06:00:04-07:00,5,0,홍혜걸 박사님이 진행하는 비온뒤 의학채널 최곱니다!!,"대한민국 의학에 관한 오피니언 리더로서의
역할을 해주시는 홍혜걸 박사님!

대한민국의 저명한 교수님들과의
대담~*! 2시간이 넘는 시간도 너무나 소중하기에
시간이 자나가는게 아쉬울 정도!!

앞으로도 건강하게 소중한 역할 잘 맡아주시길
부탁드립니다! 감사합니다! 홍혜걸 님~*"
빡친리뷰어,2021-06-13 03:35:30-07:00,2,0,쇼트영상 화면 두번누르면 좋아요 눌러지는 기능 삭제해주세요,"힙해보일려고 이러시나요? 왜이러시는거에요
뒤로가기 잘 안눌려서 두 번 누를때마다 좋아요 되면 기분 굉장히 불쾌하거든요
이딴 이상한 기능 제발 빨리 삭제해주세요"
tankengine1980,2021-06-13 03:22:40-07:00,3,0,광고가 너무 자주나와요…,심하네요….
진영이지롱,2021-06-13 02:17:04-07:00,3,0,환불관련,유튜브를 잘 쓰고 있는 사람인데요 제가 유튜브 프리미엄 결제를 잘못해버려서 혜택 사용을 안 한채로 바로 환불을 했는데 이틀이 지나도 환불 처리가 됐다고는 뜨지만 돈은 안 들어와요 피드백 부탁드립니다
아나고11,2021-06-13 02:14:19-07:00,5,0,The Best,The Best
마법사 백예련,2021-06-13 01:46:05-07:00,4,0,채널만들기가 안되요,안녕하세요!이번에 제가 새로운 계정을 만들었는데요 닉네임이랑 프로필사진을(구글로)설정하고 이제 계정을 만들려고 제 채널을 눌렀는데 자꾸만 다시 업로드 라고만 나오고 채널이 안 만들어져요 핸드폰을 껐다켜도 계속 다시 업로드 라는 말만 나오고 계속 안 만들어져서 너무 초조한 마음도 듭니다....
yoonhaplayer,2021-06-12 23:12:33-07:00,1,0,너무 비쌈,한 달 15000원은 말도 안 되요
ㅇㅇㅇㅇㅇㅇㅇㅇㅇㅇㄹㄹㄹㄹㄹㄹㅇㅇㅇ,2021-06-12 22:38:52-07:00,5,0,좋아,좋아
종종자라,2021-06-12 22:19:13-07:00,1,1,이번 업데이트로 인해 화질설정이 너무 불편하네요,"동영상 하나 볼때마다 하나하나 다 설정 해야하네요 ... 업데이트 할때마다 왜이리 불편한 점이 늘어만 가는지..

설정에서 동영상 환경설정 높은 화질로 설정해 놔도 해결되지않습니다"
별명뭘로해야사용중이안떠?482761,2021-06-12 18:53:08-07:00,5,0,왜 알람이 뜨면 영상이 회전이 되죠?,알람창이 나오거나 화면밝기를 바꾸고 영상으로 다시 돌아오면 영상크기는 같은데 저절로 세로모드? 그걸로 되어있고 회전이라는 자꾸문구가 툭하면 계속떠서 너무 불편하네요.. 이것 좀 수정부탁드릴게요! 제발요!!!!!!
쿨가이2012,2021-06-12 18:41:51-07:00,3,0,광고짜증,광고좀줄여라
🦋Yjw🦋,2021-06-12 17:51:52-07:00,5,0,.,매일매일 유튜브 재밌게 보고있지만 요즘들어 재생버튼도 잘 안눌리고 오류가 너무 많이 떠서 좀 짜증나요 빨리 업데이트 되면 좋겠어요
은~~^^,2021-06-12 17:25:35-07:00,5,0,문의,이마 필러는 히얼루론산이 적합한지 궁금합니다
녹색우주괴생명체,2021-06-12 15:12:42-07:00,1,1,무차별 광고폭탄,예전 유튜브로 돌아와라. 광고가 너무 많다
SunnySunJae,2021-06-12 12:21:19-07:00,1,1,광고 제발;;;,뭔 광고를 3분에 하나씩 쳐넣어;
행복 창조자,2021-06-12 11:29:21-07:00,5,0,유튜브 정말 최고 입니다.,모든 사람들에게 많은 정보를 공유할 수 있어서 정말 고맙습니다.
이에이에이에잉잉,2021-06-12 10:00:08-07:00,2,1,광고가 진짜 너무너무너무너무너무너무 많아요,제곧내
Timaru Oamaru,2021-06-12 09:34:32-07:00,1,0,별점 리뷰 강요하는 민폐 덩어리,이런거 쓰게 하면 좋은 점수 줄줄 알았습니까?
앱리뷰처음러,2021-06-12 08:29:38-07:00,4,0,화질 조정,화질 조정하는거 이전이 더 나은듯 그냥 숫자 띄워주세요
쓔냐,2021-06-12 07:18:04-07:00,1,0,쇼츠영상/게시일보기,"새롭게 알게된 유투버의 영상게시일이 대략적인 몇개월전이라는것만알게되고 정확한 영상게시일을 알고싶습니다

쇼츠생기기전 일반적으로 보던 영상들이 왜 다 쇼츠영상으로 되는건지 쇼츠영상이 화질변경이나 구간이동이 되지않아 불편합니다"
ㄱㅇ어다,2021-06-12 05:58:24-07:00,2,0,업데이트 후 화질 설정할때 한번에 설정할수있게 해주세요,옛날엔 동영상에서 바로 화질 설정 가능했는데 업데이트 후 화질 누르고 고급 누르고 거기서 화질설정할수있는게 진짜 개빡칠정도로 불편해요 바로 직관적으로 화질선택할수있게 해주세요
ㅇㅇㅇㅇㅇ1964,2021-06-12 05:46:29-07:00,1,0,유튜브 프리미엄인데 백그라운드 재생,"실시간 방송은 백그라운드 재생 안되는건가요?
너무 불편해요"
herald. j,2021-06-12 05:10:50-07:00,1,0,Advertisement issues,Please please reduce those useless advertisements. Do I really have to waste every 15seconds to watch a single video? I miss the old youtube which had no advertisements.
올봄,2021-06-12 04:04:29-07:00,5,0,밝음☀️,유익한 동영상이 미래의 희망이랍니다~
my9mee,2021-06-12 03:19:40-07:00,1,0,자꾸 오류나서 지웠다가 다시 다운로드 했는데,이번엔 댓글창이 안보이네요.....
우요ㅡ,2021-06-12 02:16:16-07:00,5,0,유튜브 프리미엄 결제,"유튜브  프리미엄을 21년6월 12일에 결제했습니다. 사파리에서 한 번 결제했더니 적용이 안돼서 사파리에서 다시 한 번 더 결제를 했습니다. 그랬더니 작동은 잘 되지만 처음 결제 됐던건 환불 진행이 안됐네요, 이런 경우에는 어떻게 환불을 받을수 있나요 ??"
❣️하뚜><❣️,2021-06-12 00:20:07-07:00,2,0,영상 재생이 안돼요,영상 재생이 안되는데 뭐죠ㅠ
머언산,2021-06-11 23:14:28-07:00,3,0,Floating Player,"플로팅 플레이어 좀 지원 해줘요.. 프리미엄 유저만이라도 제발..
그리고, 리소스 너무 많이 먹어.. 앱 최적화 좀.."
hyejin480,2021-06-11 20:41:48-07:00,1,0,구독취소요청,휴대폰에 구독이 확인되지 않은상태에서 프리미엄 자동결제가 되었습니다 목록이 뜨지않아 구독취소를 못하고 있는 상태였구요!! 컴퓨터로 접속했더니 화면에 뜨길래 방금 구독취소 했구요 오늘 결제가되었던데 환불받고싶습니다!
멋진준호000,2021-06-11 19:23:59-07:00,5,0,유튜브,도움이 돼요^^
서똥쥔,2021-06-11 19:00:56-07:00,5,0,유튜브를 엄청 잘 보고 있어요,헤헤헤ㅔ헤헤헤헤헤헤헤헤헤해헤헤헤해햏헤헤ㅔ헤헤헿
난 퉁퉁이,2021-06-11 18:04:33-07:00,4,0,광고....,광고좀 줄여야 합니다
pirie00,2021-06-11 18:03:45-07:00,1,0,가격 내려주세요~~,프리미엄 가격 너무 비싸요. 좀 내려줘요~~
짝퉁인생,2021-06-11 15:03:09-07:00,5,0,유용한 정보,유용한 정보를 습득할수 있어서 너무 좋습니다
윙지웡,2021-06-11 09:47:38-07:00,1,0,광고,아니 좀 제발 광고좀 어케 해줘요 진짜 광고 때문에 짜증나 죽겠어요
내 알빠,2021-06-11 06:10:46-07:00,1,0,광고좀,적당히 넣어라
안안드로이드는 업뎃돼었는데,2021-06-11 05:48:43-07:00,3,0,아이패드로 시청시 실시간 채팅창이 안보입니다,"최근엔 댓글도 안보입니다

폰으로 보면 다 보입니다

무슨버그인지 빨리 고쳐주세요"
dpdmawbdoqeuqv,2021-06-11 05:20:03-07:00,1,0,아니 무료체험 하라며ㅠㅠㅠㅠㅠㅠ,무료체험 떠서 14000결제 아니고 무려체험이라고 되어있는걸 눌렀는데 왜 만사천원이 결제가 될까요
ㅏㅎ더마내,2021-06-11 05:18:54-07:00,5,0,광고 없애주세요,광고만 없다면 진짜 좋은데
딸바귀신,2021-06-11 04:28:22-07:00,1,0,광고바 표시가 왜 사라졌죠??,"유튜브 프리미엄을 사용하지 않는 아이폰 유저입니다.

최근 업데이트 하기 전에는 영상에 노란색으로 광고바가 표시가 되었는데, 업데이트를 하고 난 뒤에는 광고바 표시가 전혀없네요..

영상을 보다가 자꾸 흐름이 끊겨서 영상 시청하는데 불편하고, 시청자가 영상에 광고바가 많으면 그냥 거를수 있는 장치는 필요하다고 생각이 되는데 이부분이 버그인건지 일부러 그런거지는 몰라도 수정 부탁드립니다."
김뽀삐12,2021-06-11 03:19:26-07:00,4,0,요즘왜 전체화면에서,"프리미엄 쓰는중인데 요즘 왜 전체화면에서 화면 줄이는거 자꾸 안되나요?
터치가 안먹히는게 아니라 터치인식하는 모션은 나오는데 화면 안줄여져서 다른영상을 찾거나 댓글을 볼수가없어요"
다크모드 지원햐라,2021-06-11 03:17:07-07:00,3,0,짧은동영상 기록삭제,스와이프로 기록삭제가 안돼요
1130jade,2021-06-11 03:04:12-07:00,5,0,ㅋㅋ,ㅋㅋ
푸디먹방,2021-06-11 02:15:04-07:00,5,0,ㅎ ㅎ ㅎ,"다양한 고양이 동영상이 업데이트라니 ㅎ ㅎ 
귀욤 ㅋ ㅋ ㅋ ㅋ ㅋ"
rtatjg,2021-06-11 01:51:33-07:00,1,0,Loading issue,High speed network but loading issue
으으으으ㅏㅇ,2021-06-11 00:22:40-07:00,5,0,렉,ㅠㅠㅠㅠ아이폰X입니다... 그저께부터 폰에서 다른건 다 되는데 유튜브만 영상 재생이 안돼요. 왜이러는건가용
크카모,2021-06-10 20:46:25-07:00,1,0,쓰레기,광고 ㅈㄴ뜨네
anjaepwk,2021-06-10 18:58:55-07:00,1,0,구독 환불 좀 해주세여,전 휴대폰으로 로그인하고 구독했는데 이번에 폰바꾸면서 애플 계정만 넘어오고 유튜브는 계정을 찾을수 없다고 몇날 몇일을 개고생 하면서 찾아다녔는데 없다네요 환불 해주세여 좀ㅠ 고객센터도 없고 뭐 어쩌라는건지
ZOOMMODE,2021-06-10 15:32:02-07:00,5,0,ENABLE ZOOM VIEW ON SE2,"For the love of GOD YouTube devs

You seriously need to implement zoom on SE2 and older generations. I hate watching videos with these new aspect ratios just to have massive bezels. The screen is already so tiny SO FOR THE LOVE OF GOD BRING ZOOM MODE.

PLEASE"
뀨까꾸까,2021-06-10 15:15:00-07:00,5,0,"조회수,좋아요 수가 적어집니다","안녕하세요:) 제가 유튜브로 영상을 올립니다
그런데 가끔 조회수, 좋아요 수가 적어지는 게 있더라고요,이 점은 개선해주시길 바랄게요
Hello, I'm uploading a video on YouTube.
But sometimes there are fewer views, fewer likes.  I need you to improve on this."
뭉탱탱이,2021-06-10 11:36:17-07:00,3,0,화면안나옴,가끔가다가 소리만 나오고 화면은 까맣게 아무것도 안나옵니다
joe892000,2021-06-10 08:21:02-07:00,5,0,good,good
Rhee882255,2021-06-10 07:49:18-07:00,3,0,편리하고 좋지만 맘에 쏙~ 드는게 적다,편리하고 좋지만 맘에 쏙~ 드는게 적다
ㅋㅋㅋㅋㅋㄴㄴㄴㄴ,2021-06-10 07:09:07-07:00,1,0,광고 너무많다,광고 너무많다
VOGO-TOP,2021-06-10 07:01:53-07:00,5,0,Very Good,Gamsahamnida
쁭빠,2021-06-10 05:04:37-07:00,1,0,화질 좀 ...,"매번 화질 1080으로 설정해야되고
계속 중간중간 360으로 바뀌네요  ;; 짜증나요"
헬프터,2021-06-10 04:04:30-07:00,1,0,광고가 너무 많아요,"조금만 뭐하면 광고
최악"
루ㅜ우,2021-06-10 02:07:09-07:00,5,0,두번결제됐어요,프리미엄 어제 9시 30분에 프리미엄 구매했는ㄷ 어제 새벽 1시 30분 경에 또 결제됐더라고요. 처리 부탁드립니다.
샘블링,2021-06-10 01:17:43-07:00,5,0,유튜브 화질,예전에는 화질을 한번 1080으로 하면 다음 영상부터 계속 유지됬는데 갑자기 화질 왜그러나요..?? 영상 하나하나 볼때마다 화질을 변경해야 하나요?? 좋은 화질이 적용되지도 않고 너무너무 불편하네요..ㅠㅠ
sgriidfk,2021-06-10 01:09:18-07:00,3,0,커뮤니티 내 동영상 백그라운드재생 아쉽습니다,"커뮤니티내에 게시된 영상에 한해서 
백그라운드 재생이 안됩니다ㅠㅠ
프리미엄 이용자인데 너무 불편해요
개선 부탁드립니다"
좋은 앱 찾아,2021-06-10 01:07:42-07:00,5,0,말이필요가 없네요,10점 주고싶은데 5점 밖에없네요 이건 꼭있어야 돼는 앱중에 탑1
꾸기보라해💜,2021-06-10 00:36:13-07:00,5,0,재밌네욥,재미써영!! 허헣
ㄲㄲ444444449999999,2021-06-09 23:56:20-07:00,4,0,..,다 좋은데 2개까진 괜찮았는데 이제 광고 연속으로 3개는 너무 한거 아닌가요..?
잡사즈아~~~,2021-06-09 23:01:52-07:00,5,0,부탁드립니다,"최고!! 
근데 유투브에 사람이나 동물 학대 같은 것을 항상 체크하셔셔 하면 강력한 처벌 받게 해주세여!!"
온엔오프,2021-06-09 08:27:43-07:00,3,0,"Pip도 안되고, 다크모드는 시스템 설정도 안따르고...",좋은데 저것만 제발...
핫 앤 아이스,2021-06-09 06:43:24-07:00,3,0,구글코리아 일들 잘 들 하고 계신가여?,"유튜브 광고료도 엄청 많이 하고 있는데 이에 따른 개선을 조금이라도 더 해주셨으면 하는 바램입니다.
이 코로나 시대에 잘 되는거 같은데 좋은 방향으로 돈을 벌었으면 좋겠네요."
rosymeee,2021-06-09 06:20:41-07:00,1,0,"뭔 버그가 ,, 이런 버그가 ,,","유튜브 타임라인 ? 암튼 처음 뜨는 페이지의 영상 시청이 안돼요
해당 영상을 보고싶으면 무조건
해당 채널에 들어가서 영상을 클릭해야 영상 재생이 되네요
홈 탐색 구독 등 그냥 썸네일을 누르면 재생이 안됨

그리고 영상 화질 조정 왜이래요? 조정 하나 하겠다는데 1440이나 2160으로 보려면 영상 일시정지하고 몇번씩이나 클릭해서 들어가려니까 진짜 열받아요 원래대로 돌려놓아요 제발 ;; 

뭔 인터페이스를 갈수록 복잡하고 헷갈리고 불편하게 만드는지 ,,"
반반이다,2021-06-09 06:13:23-07:00,5,0,not bad,Good
우리동네별량,2021-06-09 04:55:46-07:00,5,0,스크롤바가 안내려가요,스크롤바가 한두번 내리면 더이상 안내려가요 채널도 몇개안나와요 부탁드려요ㅠㅠ
